T,TM,tm,H,P,VV,V,VM,PM2.5
25.6,30.3,20.0,71.0,0.0,2.4,7.8,18.3,284.79583333333335
24.7,30.6,18.0,54.0,0.0,2.9,9.8,18.3,219.72083333333333
23.3,29.3,15.2,50.0,0.0,2.7,7.0,18.3,182.1875
21.8,29.5,11.3,52.0,0.0,2.7,7.2,18.3,154.03750000000002
24.3,32.8,14.5,46.0,0.0,2.4,7.6,16.5,223.20833333333334
25.9,34.0,15.8,50.0,0.0,2.4,6.7,16.5,200.64583333333337
25.3,33.5,14.4,43.0,0.0,2.6,5.4,16.5,285.22499999999997
25.7,32.6,15.2,56.0,0.0,2.4,7.6,18.3,236.82499999999996
24.7,31.5,14.0,60.0,0.0,2.3,5.0,18.3,276.90833333333336
21.7,29.0,12.2,48.0,0.0,2.9,6.5,18.3,108.0
22.8,30.8,12.6,55.0,0.0,2.9,7.8,20.6,107.625
22.9,29.7,12.8,58.0,0.0,2.4,7.0,18.3,125.89166666666667
22.9,30.7,14.4,69.0,0.0,1.8,6.9,18.3,181.01250000000005
23.5,30.3,14.6,62.0,0.0,2.3,5.7,18.3,152.55416666666667
24.2,30.2,14.2,58.0,0.0,2.6,6.7,18.3,152.32083333333335
24.1,29.0,14.8,56.0,0.0,2.4,7.4,16.5,319.7375
25.3,31.8,17.4,65.0,0.0,2.1,7.8,20.6,332.7083333333333
25.4,30.0,18.3,60.0,0.0,2.3,6.5,22.2,279.59999999999997
25.5,29.5,19.5,69.0,0.0,2.6,8.9,18.3,179.11666666666667
22.9,28.0,14.9,48.0,0.0,3.5,8.3,22.2,54.791666666666664
24.4,30.5,14.1,58.0,0.0,3.1,7.4,20.6,93.375
26.9,34.3,16.5,55.0,0.0,2.7,6.7,18.3,103.0
29.6,36.0,20.6,50.0,0.0,2.9,7.8,18.3,132.20833333333334
28.5,34.0,20.6,60.0,0.0,2.4,7.6,18.3,127.70833333333333
27.1,32.6,20.4,71.0,0.0,2.3,8.1,18.3,109.33333333333333
26.2,33.5,15.4,45.0,0.0,2.6,8.3,22.2,56.458333333333336
26.7,33.3,14.6,46.0,0.0,2.9,8.0,18.3,135.83333333333334
26.0,32.2,15.6,66.0,0.0,1.9,8.1,20.6,122.5
26.1,33.8,14.9,49.0,0.0,2.4,8.3,24.1,69.66666666666667
25.7,31.8,16.4,58.0,0.0,4.2,9.8,24.1,79.83333333333333
25.6,29.8,17.8,61.0,0.0,3.5,10.4,20.6,62.708333333333336
29.2,36.8,16.2,37.0,0.0,3.7,9.3,22.2,21.208333333333332
29.6,38.0,17.8,34.0,0.0,4.2,9.4,20.6,1.9166666666666667
29.9,39.1,16.2,26.0,0.0,3.5,8.1,22.2,1.8333333333333333
31.4,40.5,18.2,27.0,0.0,4.2,8.7,20.6,105.83333333333333
31.2,39.0,19.8,30.0,0.0,2.9,7.4,20.6,117.58333333333333
29.6,35.0,18.2,38.0,0.0,3.1,8.9,20.6,122.70833333333333
26.0,30.2,19.0,65.0,0.0,4.8,9.8,24.1,111.95833333333333
26.7,30.8,18.4,67.0,0.0,5.0,10.4,25.9,59.208333333333336
28.2,33.0,20.4,59.0,0.0,4.0,11.3,22.2,77.20833333333333
28.3,33.7,19.6,49.0,0.0,4.3,9.4,25.9,98.70833333333333
28.8,34.3,17.7,36.0,0.0,5.5,9.6,24.1,123.70833333333333
27.6,32.5,17.4,58.0,0.0,4.7,10.4,24.1,64.79166666666667
28.7,33.3,23.6,62.0,0.0,4.7,10.6,24.1,52.333333333333336
27.4,31.0,21.4,69.0,0.0,4.2,9.4,20.6,52.041666666666664
26.8,31.2,21.2,66.0,0.0,5.0,10.0,22.2,128.33333333333334
28.7,33.8,19.2,57.0,0.0,4.2,9.3,24.1,110.96035555555568
27.8,32.5,20.3,64.0,0.0,4.2,9.1,25.9,23.208333333333332
27.1,30.8,20.6,59.0,0.0,4.5,11.3,24.1,15.166666666666666
27.1,31.3,20.8,58.0,0.0,4.8,12.4,24.1,21.25
28.3,32.0,21.4,67.0,0.0,4.2,10.7,25.9,81.83333333333333
28.2,32.8,19.2,62.0,0.0,4.3,10.9,20.6,105.33333333333333
28.1,32.0,20.6,72.0,0.0,4.2,11.1,24.1,117.75
29.1,33.0,21.0,69.0,0.0,2.9,10.4,22.2,84.5
28.6,33.0,22.8,70.0,0.0,3.2,11.1,24.1,46.916666666666664
27.8,32.0,21.2,66.0,0.0,3.4,11.5,25.9,104.625
28.1,31.8,23.4,69.0,0.0,4.2,12.2,25.9,110.875
28.6,32.5,23.2,67.0,0.0,4.5,11.1,20.6,42.958333333333336
28.6,32.3,24.2,70.0,0.0,4.5,11.1,24.1,110.96035555555568
32.1,36.5,23.6,56.0,0.0,4.3,12.6,24.1,120.875
31.8,36.0,24.6,53.0,0.0,3.9,10.6,24.1,79.91666666666667
32.2,37.3,23.0,49.0,0.0,4.0,10.2,22.2,110.96035555555568
30.8,34.8,24.8,68.0,0.0,4.7,10.2,22.2,94.75
29.7,33.8,24.8,70.0,0.0,4.2,12.2,22.2,142.5
29.2,32.9,23.8,72.0,0.0,4.2,12.6,22.2,133.375
29.4,33.0,24.2,71.0,0.0,4.8,11.7,22.2,147.83333333333334
29.4,33.3,23.6,71.0,0.0,4.3,11.5,22.2,158.29166666666666
29.6,33.3,24.7,72.0,0.0,4.2,13.9,24.1,149.58333333333334
29.9,33.3,24.6,69.0,0.0,4.7,12.6,20.6,101.5
29.6,33.3,24.6,69.0,0.0,6.0,13.1,22.2,106.5
29.7,33.3,26.2,68.0,0.0,6.6,13.3,24.1,128.125
30.3,33.6,25.8,69.0,0.0,5.5,13.0,24.1,101.95833333333333
30.4,34.2,26.8,71.0,0.0,5.6,12.4,22.2,98.41666666666667
30.6,34.3,27.4,66.0,0.0,5.6,14.3,22.2,94.375
30.9,34.5,28.1,70.0,0.0,6.4,17.0,24.1,107.625
31.3,36.0,28.0,68.0,0.0,5.8,15.0,22.2,110.41666666666667
31.1,34.8,28.4,70.0,0.0,5.8,15.2,22.2,95.83333333333333
30.9,34.5,27.1,67.0,0.0,5.1,13.5,24.1,72.25
30.9,34.5,27.2,66.0,0.0,6.1,14.4,22.2,38.666666666666664
30.2,34.2,26.6,70.0,0.0,5.0,13.9,27.8,45.375
28.7,34.5,24.8,74.0,8.89,3.9,12.6,20.6,65.16666666666667
28.4,33.0,25.0,84.0,0.51,2.4,11.5,22.2,66.08333333333333
28.0,32.3,23.0,83.0,0.0,3.7,14.3,22.2,77.66666666666667
26.7,28.0,25.4,94.0,44.96,1.9,13.0,22.2,70.25
28.1,30.5,25.4,86.0,13.97,2.7,11.9,24.1,56.291666666666664
26.8,30.0,24.2,92.0,16.0,2.1,10.6,22.2,77.0
27.1,29.0,22.6,93.0,101.09,2.3,14.8,24.1,32.958333333333336
28.3,31.9,23.4,84.0,48.01,3.2,13.0,25.9,80.625
28.2,31.5,24.6,85.0,7.87,2.6,13.1,25.9,90.70833333333333
28.8,31.6,25.4,82.0,4.06,2.4,15.4,22.2,97.29166666666667
26.6,29.0,23.2,92.0,68.07,2.1,9.4,20.6,50.708333333333336
28.1,30.0,23.0,87.0,57.91,2.7,15.0,24.1,40.375
28.4,30.5,24.7,82.0,5.08,2.7,18.0,25.9,49.416666666666664
27.2,30.6,24.6,89.0,2.03,2.6,12.6,24.1,61.875
28.4,31.3,24.2,86.0,17.02,3.2,15.4,24.1,110.96035555555568
29.0,31.0,24.6,83.0,3.05,3.4,18.0,25.9,29.666666666666668
26.7,29.4,24.6,90.0,9.91,2.7,11.7,25.9,49.125
26.9,29.0,22.8,89.0,7.11,2.4,11.5,24.1,43.666666666666664
27.8,31.8,23.6,84.0,26.92,3.1,14.1,24.1,29.833333333333332
27.8,29.4,22.0,86.0,107.95,2.6,18.3,27.8,35.208333333333336
28.6,31.3,23.0,79.0,14.99,3.4,15.9,24.1,37.625
28.3,31.5,24.6,80.0,0.0,3.2,18.0,25.9,41.458333333333336
26.9,29.0,23.4,89.0,18.03,2.4,16.5,31.3,38.583333333333336
26.1,28.0,22.7,93.0,78.99,2.1,14.3,22.2,36.0
27.3,30.0,22.8,88.0,99.06,2.4,17.6,25.9,70.58333333333333
27.1,29.0,23.2,87.0,27.94,2.4,18.7,35.2,33.166666666666664
27.4,29.0,24.6,86.0,7.11,2.7,16.5,24.1,38.25
27.3,29.0,24.0,87.0,6.1,2.6,18.3,27.8,26.583333333333332
27.3,29.6,24.6,86.0,30.99,2.7,17.8,27.8,15.416666666666666
25.9,27.5,24.2,93.0,4.06,1.9,18.9,33.5,41.375
26.7,28.0,22.2,89.0,91.95,2.4,18.3,27.8,25.541666666666668
27.2,30.8,24.9,85.0,9.91,3.4,15.7,27.8,28.375
26.4,29.5,23.2,88.0,10.92,3.1,13.5,24.1,50.333333333333336
27.1,29.0,24.0,85.0,11.94,3.2,17.0,24.1,35.375
27.3,29.0,23.8,83.0,7.11,3.1,17.8,24.1,31.916666666666668
26.8,28.7,23.3,87.0,5.08,2.6,16.3,24.1,35.291666666666664
27.3,29.4,23.8,86.0,7.11,2.7,16.3,22.2,26.833333333333332
27.6,30.0,23.8,84.0,10.92,2.9,16.9,27.8,21.125
28.1,30.8,23.6,78.0,3.05,3.2,17.6,25.9,35.708333333333336
28.1,30.9,24.6,78.0,0.76,3.7,17.2,25.9,43.583333333333336
28.2,31.5,25.1,77.0,0.0,3.7,18.5,27.8,46.041666666666664
26.9,28.3,24.0,83.0,3.05,2.9,13.9,24.1,82.875
27.1,33.0,23.6,85.0,9.91,3.2,10.6,20.6,64.91666666666667
27.9,31.5,23.6,79.0,4.06,3.7,14.8,24.1,30.666666666666668
27.4,30.3,24.0,80.0,13.97,2.9,10.0,18.3,34.416666666666664
28.2,31.2,24.2,76.0,1.02,3.7,10.7,20.6,33.166666666666664
28.3,31.5,24.4,75.0,0.0,3.5,11.1,22.2,30.625
28.5,31.5,25.0,73.0,0.0,4.0,13.3,24.1,30.333333333333332
27.6,31.0,24.6,78.0,0.76,3.9,9.6,25.9,110.96035555555568
28.0,31.5,24.8,76.0,1.02,3.5,9.3,20.6,110.96035555555568
27.5,29.5,26.0,84.0,0.0,2.9,9.1,27.8,110.96035555555568
28.8,32.7,25.0,81.0,3.05,2.4,7.6,18.3,76.875
28.7,32.4,25.6,82.0,0.0,2.4,10.7,24.1,83.45833333333333
27.4,31.8,24.0,88.0,5.08,2.6,10.4,27.8,71.66666666666667
25.9,29.0,22.4,93.0,26.92,2.1,7.8,18.3,69.70833333333333
28.0,31.8,24.8,85.0,4.06,2.9,12.4,22.2,62.375
28.7,31.9,26.8,80.0,0.0,3.7,17.2,24.1,24.875
27.0,30.8,24.4,86.0,33.02,2.9,13.7,25.9,43.958333333333336
27.2,31.8,25.0,88.0,1.02,2.7,15.2,27.8,41.5
26.4,31.5,24.6,88.0,13.97,2.6,10.6,22.2,38.791666666666664
28.5,31.8,26.7,80.0,2.03,3.2,14.1,22.2,30.333333333333332
28.3,32.4,26.0,77.0,0.0,3.4,13.3,24.1,26.666666666666668
29.1,33.6,25.4,76.0,0.0,3.1,13.5,22.2,29.0
27.3,30.5,25.0,82.0,19.05,2.7,7.0,18.3,61.708333333333336
28.1,31.5,25.1,78.0,12.95,3.1,12.2,22.2,60.541666666666664
28.0,31.4,25.3,78.0,0.0,4.0,13.3,22.2,41.583333333333336
28.6,31.2,24.2,80.0,12.95,4.0,11.3,22.2,80.04166666666667
28.3,30.9,26.0,84.0,0.0,3.1,9.6,20.6,82.83333333333333
27.8,30.0,25.7,85.0,10.92,2.3,8.0,16.5,95.25
30.6,36.5,24.0,64.0,0.0,3.1,7.6,18.3,126.16666666666667
30.5,35.0,24.8,65.0,0.0,2.7,6.9,18.3,136.70833333333334
30.0,35.2,23.4,56.0,0.0,3.1,8.3,16.5,160.66666666666666
29.6,34.2,22.7,65.0,0.0,2.9,8.7,20.6,245.66666666666666
29.2,32.4,24.6,78.0,0.0,2.7,8.9,22.2,261.6666666666667
29.1,32.4,26.2,83.0,0.0,2.9,10.7,24.1,272.4166666666667
29.4,34.7,21.9,56.0,0.0,2.9,6.9,20.6,149.625
29.0,34.3,21.2,53.0,0.0,3.1,9.6,16.5,99.70833333333333
29.7,35.3,21.8,53.0,0.0,3.1,10.2,16.5,217.375
30.4,35.4,22.6,54.0,0.0,2.9,9.8,16.5,309.375
28.8,34.0,21.9,57.0,0.0,2.7,7.6,13.0,321.5416666666667
28.6,33.0,22.2,60.0,0.0,2.6,8.0,16.5,278.0
28.7,33.5,21.8,60.0,0.0,2.4,8.9,16.5,192.33333333333334
27.3,33.0,19.8,63.0,0.0,2.3,8.7,18.3,224.16666666666666
27.6,33.6,20.4,59.0,0.0,2.1,8.3,18.3,196.75
28.2,33.3,20.4,48.0,0.0,3.1,12.2,24.1,221.54166666666666
29.3,35.3,22.9,46.0,0.0,2.6,7.2,18.3,166.70833333333334
27.3,34.0,19.4,54.0,0.0,2.6,7.6,18.3,130.70833333333334
26.9,33.3,17.6,56.0,0.0,2.4,8.3,16.5,194.70833333333334
29.0,33.1,24.2,72.0,0.0,2.3,8.5,16.5,134.45833333333334
28.8,33.7,24.1,71.0,0.0,2.3,10.2,16.5,110.0
29.4,34.0,24.4,67.0,0.0,2.4,8.0,18.3,160.0
29.2,34.5,23.8,62.0,0.0,2.7,6.7,16.5,118.91666666666667
28.7,32.5,25.3,70.0,0.0,2.3,8.3,18.3,176.375
28.7,34.0,22.8,54.0,0.0,2.7,10.2,20.6,185.95833333333334
26.7,32.3,20.0,52.0,0.0,2.6,9.6,18.3,239.125
25.3,32.3,18.0,53.0,0.0,2.6,7.6,14.8,365.2916666666667
26.1,32.5,17.3,45.0,0.0,2.6,7.2,18.3,312.2083333333333
25.7,33.1,19.0,41.0,0.0,2.7,11.3,20.6,121.33333333333333
25.4,32.5,17.4,44.0,0.0,2.7,6.7,16.5,202.875
25.6,32.4,15.7,47.0,0.0,2.4,6.3,14.8,260.1666666666667
24.8,31.0,16.7,62.0,0.0,1.8,6.5,16.5,277.7083333333333
24.4,30.0,19.0,68.0,0.0,2.1,7.2,16.5,284.1666666666667
23.9,29.3,18.3,54.0,0.0,1.9,8.0,16.5,288.4166666666667
26.3,32.5,20.0,56.0,0.0,2.3,8.3,16.5,166.91666666666666
26.4,33.0,20.0,58.0,0.0,2.3,9.3,18.3,169.0
25.0,30.2,21.7,60.0,0.0,2.3,9.3,20.6,186.04166666666666
24.4,28.3,20.0,58.0,0.0,2.4,9.3,20.6,108.08333333333333
25.4,30.5,19.2,59.0,0.0,2.1,8.7,16.5,255.875
26.7,33.0,21.7,55.0,0.0,2.3,8.3,20.6,217.08333333333334
26.7,33.4,20.2,57.0,0.0,2.1,9.6,20.6,229.16666666666666
26.3,33.6,17.0,48.0,0.0,2.3,7.6,14.8,298.4583333333333
26.5,33.8,20.6,61.0,0.0,2.1,9.8,18.3,264.9166666666667
24.1,28.5,18.9,67.0,0.0,1.9,8.7,22.2,404.5
23.7,27.5,20.0,71.0,0.0,2.1,9.4,18.3,188.5
23.9,28.8,19.9,70.0,0.0,1.8,9.4,20.6,164.75
23.9,29.8,18.6,52.0,0.0,2.6,8.3,20.6,376.9166666666667
24.3,30.3,20.0,55.0,0.0,2.7,9.3,18.3,110.96035555555568
24.9,30.0,19.0,70.0,0.0,1.9,6.7,16.5,110.96035555555568
24.4,28.5,21.8,76.0,0.0,1.9,7.2,13.0,57.0
26.6,32.0,20.2,63.0,0.0,2.1,7.8,18.3,202.91666666666666
27.8,34.8,22.4,54.0,0.0,2.6,8.3,20.6,205.125
28.5,34.3,21.6,41.0,0.0,2.7,12.2,24.1,214.125
27.7,34.4,20.6,39.0,0.0,2.1,8.7,18.3,315.7916666666667
27.4,34.7,20.6,40.0,0.0,2.4,7.4,22.2,322.25
27.7,33.9,21.6,39.0,0.0,2.6,7.2,18.3,246.04166666666666
27.4,34.3,20.0,43.0,0.0,2.6,7.8,22.2,200.91666666666666
25.3,31.0,18.3,60.0,0.0,2.9,10.0,20.6,99.5
24.1,29.0,19.8,67.0,0.0,3.1,10.7,22.2,143.91666666666666
23.2,28.1,16.9,52.0,0.0,3.4,10.0,24.1,100.25
24.4,28.0,18.8,61.0,0.0,3.2,10.9,22.2,165.0
24.1,28.1,19.5,58.0,0.0,4.0,9.8,22.2,116.45833333333333
21.6,26.3,17.5,71.0,0.0,3.1,8.0,18.3,143.0
27.4,35.0,20.2,43.0,0.0,3.4,8.5,20.6,231.125
25.7,31.5,21.6,65.0,0.0,2.9,8.7,18.3,218.66666666666666
25.2,28.6,22.0,69.0,0.0,3.9,10.4,20.6,211.0
27.1,31.0,23.0,73.0,0.0,1.9,10.0,22.2,52.208333333333336
26.7,30.3,22.8,72.0,0.0,2.9,10.4,18.3,187.5
26.1,30.0,24.0,60.0,0.0,4.7,14.3,24.1,130.16666666666666
24.3,28.7,18.4,41.0,0.0,4.0,11.5,24.1,123.125
25.3,31.8,17.6,35.0,0.0,3.9,11.3,22.2,120.91666666666667
26.8,33.5,18.6,37.0,0.0,3.5,10.2,24.1,153.625
26.2,29.8,23.0,74.0,0.0,3.4,9.8,22.2,130.33333333333334
26.4,30.6,22.8,73.0,0.0,2.4,8.0,22.2,110.70833333333333
26.9,32.8,22.0,62.0,0.0,3.5,8.9,22.2,138.5
29.6,35.5,24.0,48.0,0.0,3.1,9.3,22.2,75.75
30.1,34.0,24.2,49.0,0.0,3.1,8.0,20.6,146.54166666666666
30.1,35.0,24.0,48.0,0.0,3.9,8.1,22.2,116.625
30.5,37.0,24.4,35.0,0.0,3.5,8.7,24.1,80.04166666666667
28.6,34.0,24.9,51.0,0.0,3.9,9.6,20.6,100.04166666666667
29.5,35.5,22.0,30.0,0.0,4.3,9.1,18.3,109.45833333333333
28.4,33.4,23.6,55.0,0.0,4.8,10.7,20.6,110.16666666666667
28.6,33.0,23.0,63.0,0.0,4.0,10.7,22.2,108.20833333333333
28.3,32.7,25.0,65.0,0.0,3.9,10.7,25.9,103.83333333333333
28.3,32.0,25.0,67.0,0.0,4.7,10.9,22.2,74.29166666666667
28.1,32.8,23.0,58.0,0.0,4.5,11.3,25.9,101.79166666666667
28.0,33.0,24.0,69.0,0.0,4.5,11.9,22.2,106.16666666666667
28.8,33.6,24.6,65.0,0.0,3.9,10.2,20.6,89.875
28.0,31.3,24.6,77.0,0.0,4.2,10.4,22.2,48.208333333333336
27.8,32.0,25.0,73.0,0.0,3.7,10.0,22.2,47.041666666666664
28.0,32.1,24.3,61.0,0.0,4.5,9.4,22.2,67.79166666666667
27.0,31.0,23.0,71.0,0.0,4.3,8.3,18.3,56.666666666666664
27.2,31.0,22.6,65.0,0.0,4.2,10.2,25.9,79.0
27.2,31.0,22.4,70.0,0.0,4.2,10.9,20.6,123.58333333333333
28.3,32.0,25.6,70.0,0.0,3.9,11.5,24.1,80.29166666666667
29.2,33.3,24.6,75.0,0.0,3.5,9.6,18.3,137.875
31.9,39.0,27.8,53.0,0.0,3.4,10.4,24.1,87.875
29.7,33.8,25.6,69.0,0.0,4.0,10.4,24.1,121.20833333333333
30.2,35.7,26.0,66.0,0.0,4.2,11.1,24.1,97.04166666666667
29.6,33.5,26.4,74.0,0.0,3.9,11.1,22.2,92.08333333333333
29.8,33.3,27.0,73.0,0.0,3.5,10.7,24.1,130.625
29.6,33.3,25.8,72.0,0.0,4.0,10.9,24.1,90.5
29.7,35.4,27.0,66.0,0.0,4.2,10.6,22.2,55.416666666666664
31.3,35.0,27.6,62.0,0.0,2.9,9.8,22.2,108.33333333333333
31.1,35.6,28.7,69.0,0.0,3.5,10.4,22.2,198.875
30.6,34.6,28.0,70.0,0.0,4.0,10.7,22.2,120.70833333333333
29.9,33.5,27.0,66.0,0.0,3.9,12.0,22.2,60.541666666666664
29.9,33.0,27.0,65.0,0.0,4.2,13.1,27.8,79.0
29.9,33.8,27.4,64.0,0.0,4.5,12.6,24.1,133.70833333333334
31.8,35.8,29.0,69.0,0.0,3.4,11.5,24.1,53.25
30.9,34.6,28.0,74.0,0.0,3.1,11.7,20.6,65.16666666666667
30.4,34.1,28.0,74.0,0.0,3.5,12.0,20.6,83.58333333333333
30.3,33.6,27.4,70.0,0.0,4.7,13.0,24.1,40.666666666666664
30.6,33.8,28.4,71.0,0.0,4.3,9.6,22.2,48.125
30.7,33.8,29.0,72.0,0.0,4.3,12.8,24.1,103.16666666666667
30.6,33.8,27.4,67.0,0.0,4.8,12.6,22.2,143.375
30.6,34.0,28.6,70.0,0.0,4.3,11.1,22.2,44.791666666666664
31.1,34.0,28.8,74.0,0.0,4.0,14.3,22.2,71.95833333333333
31.5,34.6,30.0,71.0,0.0,4.3,13.1,27.8,17.5
31.4,34.6,30.0,71.0,0.0,4.2,13.7,22.2,101.0
31.6,34.3,29.8,72.0,0.0,4.7,13.1,22.2,76.20833333333333
31.9,35.3,30.0,70.0,0.0,4.8,15.2,29.4,84.33333333333333
30.2,35.0,28.0,77.0,0.0,3.5,14.8,24.1,48.833333333333336
30.7,34.0,28.0,76.0,0.0,3.2,15.2,22.2,64.45833333333333
30.3,33.7,27.0,77.0,0.0,2.7,17.6,27.8,80.54166666666667
30.3,33.0,28.0,79.0,0.0,3.4,16.1,25.9,65.41666666666667
31.1,33.0,29.6,74.0,0.0,3.5,18.7,27.8,54.666666666666664
30.9,33.2,30.0,75.0,0.0,3.7,20.4,33.5,78.54166666666667
30.7,33.2,29.0,73.0,0.0,4.3,20.9,29.4,49.125
30.7,33.4,29.0,72.0,0.0,4.8,17.0,25.9,65.875
30.8,34.0,29.0,72.0,0.0,4.5,14.6,25.9,72.41666666666667
31.0,33.6,28.0,71.0,0.0,3.7,18.0,24.1,184.66666666666666
26.8,29.0,24.0,91.0,0.0,2.1,9.4,18.3,113.33333333333333
26.2,28.0,25.0,94.0,0.0,1.9,8.3,16.5,146.20833333333334
27.2,31.0,24.8,90.0,0.0,2.7,9.6,20.6,112.29166666666667
28.5,31.1,25.4,88.0,0.0,2.6,10.6,18.3,60.625
26.5,28.0,26.0,93.0,0.0,2.4,8.9,14.8,71.0
26.2,28.0,24.3,94.0,77.98,1.8,5.2,9.4,153.41666666666666
27.3,30.3,25.0,91.0,0.0,2.7,12.0,24.1,134.95833333333334
25.8,27.3,25.0,94.0,0.0,1.8,9.4,22.2,81.125
28.9,31.8,27.0,84.0,0.0,2.4,21.7,33.5,52.25
28.6,31.5,26.0,87.0,0.0,2.4,17.4,24.1,160.375
28.7,31.5,27.0,84.0,0.0,2.9,19.3,29.4,99.375
29.4,32.0,27.6,82.0,0.0,2.7,15.7,25.9,31.458333333333332
28.9,31.8,26.0,84.0,0.0,3.2,17.0,27.8,47.375
26.9,30.0,25.0,93.0,0.0,1.8,16.3,27.8,38.166666666666664
26.2,27.0,25.0,95.0,0.0,2.1,13.7,24.1,35.958333333333336
27.9,31.0,26.0,91.0,0.0,2.6,18.3,24.1,25.083333333333332
27.3,29.3,26.0,91.0,0.0,2.3,17.0,27.8,45.833333333333336
27.3,30.1,26.0,91.0,0.0,2.3,17.6,29.4,33.708333333333336
27.4,30.3,25.0,87.0,0.51,2.6,15.7,27.8,26.416666666666668
27.7,30.0,26.0,87.0,0.0,3.1,14.3,24.1,30.666666666666668
27.3,31.0,25.0,90.0,0.0,2.9,9.4,24.1,29.958333333333332
28.6,31.3,27.0,82.0,0.0,4.0,19.1,27.8,23.875
27.8,31.0,25.3,87.0,0.0,3.1,16.1,33.5,22.333333333333332
28.2,30.9,25.4,84.0,0.0,3.1,17.4,25.9,25.083333333333332
28.7,31.0,26.2,84.0,1.02,3.2,8.0,22.2,66.79166666666667
28.7,30.3,27.4,86.0,0.0,2.9,9.8,20.6,64.875
28.6,31.6,26.0,84.0,0.0,2.9,8.1,24.1,47.583333333333336
27.6,30.5,25.0,90.0,0.51,2.6,8.3,24.1,33.5
26.2,28.4,24.8,90.0,0.0,2.7,10.0,24.1,43.041666666666664
26.4,31.0,24.0,88.0,0.0,2.9,6.7,16.5,38.416666666666664
26.1,27.4,25.0,97.0,0.0,2.1,12.8,27.8,49.291666666666664
25.7,27.0,25.0,98.0,0.0,2.1,16.9,22.2,19.541666666666668
26.8,30.0,25.0,95.0,0.0,2.3,16.1,25.9,22.833333333333332
27.6,30.5,26.6,92.0,0.0,2.3,17.2,24.1,24.291666666666668
28.8,31.6,27.0,81.0,0.0,4.0,18.0,24.1,74.66666666666667
27.9,29.2,27.0,86.0,0.0,3.1,17.8,29.4,41.875
27.2,29.3,25.0,89.0,0.0,2.9,15.0,25.9,50.583333333333336
28.2,31.3,26.8,82.0,0.0,3.2,11.5,20.6,58.125
28.1,31.6,26.0,82.0,0.0,3.9,11.3,22.2,57.291666666666664
28.3,31.7,26.0,80.0,0.0,4.3,10.2,24.1,38.25
27.0,29.4,25.6,90.0,0.0,2.7,9.8,22.2,47.416666666666664
28.0,30.1,25.0,82.0,0.0,3.4,12.2,24.1,56.916666666666664
28.1,31.0,24.0,80.0,0.0,3.4,8.0,20.6,54.625
28.9,32.0,26.0,80.0,0.0,4.5,3.1,11.1,45.958333333333336
28.4,31.3,25.9,84.0,0.0,2.4,6.5,14.8,52.25
30.9,35.3,27.0,74.0,0.0,2.4,8.7,18.3,43.333333333333336
28.3,33.0,25.0,76.0,0.0,2.4,9.8,24.1,41.958333333333336
30.5,35.0,25.4,67.0,0.0,2.7,9.1,18.3,110.96035555555568
31.1,35.0,26.0,69.0,0.0,2.9,9.1,22.2,110.96035555555568
28.1,32.8,24.3,77.0,0.0,2.6,11.1,35.2,45.75
28.8,32.7,24.6,76.0,0.0,3.7,9.3,24.1,70.70833333333333
29.6,34.0,25.4,73.0,0.0,3.2,9.4,22.2,51.791666666666664
30.1,34.0,24.9,69.0,0.0,2.9,9.3,18.3,110.96035555555568
29.3,32.8,24.2,78.0,0.0,2.7,9.4,16.5,11.583333333333334
31.1,36.0,25.6,68.0,0.0,2.4,6.9,20.6,13.0
30.8,35.3,25.0,60.0,0.0,2.9,7.6,18.3,156.25
30.9,36.6,26.0,64.0,0.0,3.1,10.2,18.3,156.0
31.4,36.8,27.0,59.0,0.0,3.2,9.8,20.6,151.79166666666666
27.2,29.3,25.3,55.0,0.0,3.4,11.9,22.2,252.625
27.4,30.5,23.6,60.0,0.0,3.5,8.9,14.8,119.41666666666667
27.7,30.0,24.1,64.0,0.0,3.5,4.8,11.1,126.0
29.1,35.5,22.0,52.0,0.0,3.2,7.8,18.3,232.33333333333334
29.5,36.0,21.6,54.0,0.0,2.6,8.0,18.3,215.54166666666666
29.7,35.3,22.0,50.0,0.0,2.6,6.7,18.3,239.41666666666666
30.4,37.0,21.8,53.0,0.0,2.6,8.5,18.3,196.54166666666666
29.7,35.0,21.2,48.0,0.0,2.6,8.5,18.3,232.54166666666666
29.6,35.0,22.0,48.0,0.0,2.6,10.6,22.2,185.5
30.3,35.5,21.2,42.0,0.0,2.4,9.6,22.2,282.1666666666667
31.0,36.3,25.0,60.0,0.0,2.7,10.4,20.6,257.6666666666667
29.3,33.5,25.0,62.0,0.0,2.9,11.3,24.1,166.875
26.9,31.5,25.0,76.0,0.0,2.4,10.4,20.6,135.16666666666666
30.7,35.8,26.4,61.0,0.0,1.9,10.6,18.3,211.45833333333334
30.0,35.0,24.3,53.0,0.0,2.1,8.3,18.3,215.5
29.2,34.7,22.3,53.0,0.0,2.4,7.8,18.3,223.375
29.2,34.9,23.2,50.0,0.0,1.9,9.6,18.3,135.58333333333334
28.7,34.5,20.9,50.0,0.0,2.1,9.1,18.3,152.04166666666666
27.7,34.8,19.2,50.0,0.0,1.8,7.8,16.5,141.41666666666666
28.3,34.3,19.8,38.0,0.0,2.6,9.3,20.6,46.708333333333336
28.3,35.3,19.4,43.0,0.0,2.3,8.0,16.5,91.75
28.6,34.5,21.4,50.0,0.0,2.3,7.8,20.6,99.91666666666667
27.9,34.0,18.2,42.0,0.0,2.4,7.2,20.6,119.70833333333333
27.8,34.8,18.4,45.0,0.0,1.9,6.7,14.8,110.875
27.2,33.3,19.0,53.0,0.0,1.9,5.6,14.8,200.33333333333334
26.2,31.3,23.0,77.0,0.0,1.9,8.7,18.3,203.58333333333334
24.4,30.0,19.0,42.0,0.0,2.4,9.4,20.6,25.083333333333332
24.1,31.4,14.0,34.0,0.0,2.6,9.3,22.2,57.083333333333336
26.7,32.4,19.9,35.0,0.0,2.6,10.4,20.6,349.2916666666667
25.8,32.8,21.0,47.0,0.0,2.3,8.1,16.5,188.04166666666666
25.7,33.2,20.0,49.0,0.0,2.1,7.4,18.3,310.25
25.7,32.0,17.4,55.0,0.0,1.8,6.3,14.8,204.375
26.4,32.4,21.8,42.0,0.0,2.4,12.8,24.1,223.25
25.3,31.6,20.4,39.0,0.0,2.6,10.0,22.2,248.95833333333334
28.073244444444466,32.175733333333326,22.480800000000027,65.71022222222223,0.0,3.1743111111111104,11.082755555555527,22.02951111111109,172.75
23.1,27.3,17.0,60.0,0.0,1.9,8.9,20.6,146.79166666666666
23.6,27.6,18.0,65.0,0.0,1.8,5.7,14.8,113.875
24.0,29.0,18.4,65.0,0.0,1.8,6.7,18.3,144.75
24.9,30.3,18.3,49.0,0.0,1.9,6.3,16.5,231.25
25.1,31.2,16.0,43.0,0.0,2.1,6.3,16.5,272.125
26.2,33.0,20.4,31.0,0.0,2.4,10.2,20.6,205.25
24.8,32.0,15.4,44.0,0.0,2.1,8.0,18.3,200.875
23.9,29.7,15.8,55.0,0.0,1.8,6.9,18.3,214.04166666666666
24.6,30.0,15.4,51.0,0.0,1.8,5.9,14.8,210.0
24.3,30.0,17.4,68.0,0.0,1.8,7.4,20.6,212.45833333333334
24.8,29.3,18.7,59.0,0.0,1.9,6.7,18.3,202.66666666666666
25.1,29.0,17.0,54.0,0.0,2.4,6.7,22.2,149.875
25.4,30.0,20.0,56.0,0.0,2.3,8.7,20.6,153.08333333333334
23.8,29.7,19.0,57.0,0.0,2.3,9.4,20.6,159.70833333333334
23.3,29.0,17.6,58.0,0.0,2.3,9.6,22.2,147.375
27.7,34.3,22.0,40.0,0.0,2.9,7.8,18.3,224.79166666666666
26.4,33.2,19.0,48.0,0.0,2.7,6.7,20.6,177.625
25.2,29.6,18.9,56.0,0.0,2.9,6.9,20.6,149.625
26.5,31.8,19.0,47.0,0.0,2.6,6.7,16.5,114.20833333333333
24.9,29.8,19.1,67.0,0.0,2.6,9.4,22.2,136.75
24.6,29.9,19.3,56.0,0.0,3.5,8.1,22.2,50.916666666666664
25.9,32.8,17.0,50.0,0.0,3.1,7.8,22.2,117.20833333333333
26.4,32.2,18.2,54.0,0.0,2.6,7.0,20.6,137.125
26.4,32.0,19.0,51.0,0.0,2.7,6.7,16.5,197.08333333333334
26.1,31.0,18.3,59.0,0.0,3.2,9.6,20.6,161.91666666666666
26.0,31.0,19.7,65.0,0.0,3.4,7.8,22.2,126.58333333333333
26.6,32.0,16.0,62.0,0.0,3.5,6.9,22.2,94.91666666666667
30.5,39.0,20.2,34.0,0.0,3.1,6.9,20.6,64.95833333333333
26.5,31.8,22.9,64.0,0.0,3.1,10.9,22.2,69.25
25.1,29.0,19.9,57.0,0.0,3.9,11.1,22.2,79.29166666666667
24.4,28.7,17.2,64.0,0.0,4.0,8.9,22.2,92.04166666666667
24.1,28.3,20.0,72.0,0.0,4.3,15.0,24.1,20.416666666666668
24.5,28.3,17.5,57.0,0.0,4.2,11.7,24.1,61.125
23.5,28.0,16.6,51.0,0.0,3.7,9.4,25.9,87.79166666666667
28.2,34.5,18.6,43.0,0.0,3.2,7.6,22.2,34.916666666666664
27.4,32.0,19.0,55.0,0.0,3.4,9.8,22.2,47.5
28.3,34.8,22.3,46.0,0.0,3.5,7.6,22.2,81.29166666666667
30.7,37.0,21.7,44.0,0.0,3.4,8.3,18.3,56.333333333333336
28.0,32.0,23.0,66.0,2.03,3.5,9.8,22.2,20.291666666666668
26.8,30.8,21.2,70.0,0.0,3.9,10.6,22.2,34.458333333333336
30.4,37.3,19.0,42.0,0.0,3.4,9.8,24.1,83.83333333333333
30.8,36.5,21.2,40.0,0.0,2.9,7.8,22.2,89.375
30.2,35.3,22.2,59.0,0.0,2.4,8.7,20.6,65.83333333333333
32.4,41.0,22.0,49.0,0.0,3.1,10.9,18.3,109.75
30.1,34.3,25.6,79.0,0.0,2.9,10.4,22.2,42.916666666666664
29.7,33.1,25.8,82.0,0.0,2.9,10.0,22.2,84.41666666666667
30.2,35.0,21.4,28.0,0.0,4.3,10.7,20.6,81.20833333333333
29.0,33.6,19.6,53.0,0.0,4.0,11.3,24.1,52.291666666666664
29.1,33.3,20.8,56.0,0.0,3.4,10.9,24.1,28.458333333333332
28.1,32.0,22.0,68.0,0.0,3.9,10.7,24.1,23.666666666666668
28.2,32.0,22.0,67.0,0.0,2.9,9.6,20.6,75.16666666666667
28.4,32.0,22.8,71.0,0.0,2.9,11.5,25.9,53.125
28.9,32.0,25.2,74.0,0.0,3.2,9.1,18.3,76.25
28.6,32.3,23.6,66.0,0.0,3.2,8.5,24.1,52.625
27.7,31.8,23.2,68.0,0.0,3.1,8.9,22.2,51.375
29.3,33.2,21.8,66.0,0.0,3.4,9.4,29.4,45.5
31.1,34.5,24.0,66.0,0.0,3.5,9.3,24.1,92.91666666666667
30.7,34.0,25.2,78.0,0.0,3.5,10.2,25.9,80.20833333333333
30.9,35.3,25.7,76.0,0.0,3.4,11.9,25.9,76.66666666666667
29.8,33.2,24.0,68.0,0.0,3.9,10.0,24.1,31.833333333333332
29.7,33.3,23.8,73.0,0.0,4.5,10.9,24.1,47.666666666666664
30.5,34.0,24.3,73.0,0.0,3.9,9.3,22.2,38.25
30.1,34.2,25.2,75.0,0.0,4.5,9.8,20.6,56.25
30.5,34.0,24.2,76.0,0.0,3.9,11.1,22.2,103.41666666666667
30.4,34.2,25.0,76.0,0.0,4.3,11.7,25.9,76.5
31.1,34.5,25.2,70.0,0.0,3.5,10.6,22.2,86.375
31.2,34.4,25.2,75.0,0.0,3.7,11.1,27.8,77.70833333333333
31.9,35.0,24.6,66.0,0.0,4.2,11.7,22.2,73.41666666666667
30.9,33.8,26.0,70.0,0.0,5.0,9.8,20.6,55.083333333333336
31.5,35.3,26.9,68.0,0.0,4.7,10.4,25.9,67.45833333333333
31.6,35.3,25.8,74.0,0.0,4.7,10.4,22.2,75.04166666666667
30.8,34.3,27.8,72.0,0.0,4.3,13.9,22.2,61.5
30.9,34.1,28.2,72.0,0.0,5.3,14.4,25.9,68.91666666666667
31.3,34.3,28.4,71.0,0.0,4.7,14.8,22.2,42.125
31.5,35.2,29.6,73.0,0.0,5.3,16.7,22.2,63.916666666666664
31.5,34.6,29.0,71.0,0.0,5.1,14.6,24.1,63.666666666666664
31.3,34.4,27.6,72.0,0.0,4.7,13.7,24.1,139.125
31.4,34.0,27.0,76.0,0.0,4.3,11.9,24.1,25.458333333333332
31.4,34.8,29.0,69.0,0.0,4.2,13.7,27.8,20.75
31.4,34.8,28.8,67.0,0.0,4.8,13.7,25.9,40.5
31.6,34.6,28.2,66.0,0.0,4.7,13.0,25.9,70.08333333333333
30.2,36.8,26.8,75.0,0.25,3.9,11.7,27.8,63.0
31.1,36.6,27.0,69.0,0.0,5.5,17.4,31.7,73.83333333333333
30.7,36.4,26.5,70.0,0.0,5.3,18.0,27.8,29.5
27.1,29.0,23.8,90.0,11.94,2.3,10.7,22.2,54.958333333333336
25.9,28.0,24.8,97.0,23.11,2.3,8.3,20.6,77.75
26.2,29.9,23.5,92.0,58.93,2.7,11.1,24.1,82.0
25.6,26.4,24.2,96.0,282.96,1.4,13.1,29.4,32.583333333333336
26.1,28.0,24.0,94.0,189.99,1.9,13.5,25.9,28.375
26.6,28.0,24.8,94.0,131.06,1.8,14.6,22.2,28.125
29.0,31.6,28.0,83.0,5.08,2.7,19.4,29.4,51.041666666666664
29.5,33.0,27.4,82.0,0.51,2.6,18.9,33.5,40.0
29.7,32.2,27.8,79.0,0.25,3.1,17.4,27.8,52.458333333333336
29.8,32.8,27.5,76.0,6.1,4.3,15.4,25.9,37.625
29.9,32.7,27.6,75.0,0.0,4.2,14.4,22.2,34.375
30.1,33.0,27.8,74.0,0.25,3.7,19.6,25.9,71.29166666666667
29.8,32.7,28.2,79.0,0.0,3.7,19.8,29.4,45.666666666666664
29.9,32.0,26.2,79.0,4.06,3.9,19.1,27.8,40.625
30.1,32.9,27.8,78.0,0.25,3.9,18.0,24.1,28.25
29.9,32.6,28.0,78.0,0.0,3.1,15.6,24.1,30.708333333333332
30.0,32.8,26.4,74.0,2.03,3.5,15.6,22.2,10.208333333333334
30.1,33.0,27.6,74.0,1.02,4.0,15.7,27.8,110.96035555555568
29.6,33.0,26.2,79.0,5.08,3.1,19.4,29.4,19.416666666666668
29.0,31.6,25.0,81.0,0.51,2.9,19.6,37.0,8.416666666666666
27.9,29.0,24.2,88.0,60.96,2.6,16.9,27.8,20.916666666666668
28.7,30.7,25.0,82.0,0.0,2.7,17.0,24.1,110.96035555555568
28.6,31.2,25.2,82.0,8.89,3.2,18.3,33.5,4.833333333333333
27.8,29.0,25.0,85.0,7.87,2.9,19.1,33.5,8.291666666666666
28.9,31.5,25.0,80.0,8.89,3.7,15.4,27.8,19.833333333333332
29.1,31.5,26.2,80.0,2.03,4.2,18.0,25.9,25.791666666666668
29.1,31.9,26.6,79.0,2.03,4.5,18.0,29.4,22.708333333333332
28.9,31.0,26.6,78.0,0.51,5.1,17.6,29.4,27.125
28.9,31.8,26.4,82.0,1.02,3.5,17.8,27.8,47.416666666666664
27.6,30.4,24.6,84.0,5.08,3.4,10.9,20.6,33.791666666666664
27.1,30.0,24.0,87.0,8.89,2.9,8.3,14.8,54.875
28.2,31.0,24.8,82.0,2.03,3.2,13.1,22.2,41.708333333333336
28.2,31.5,25.0,83.0,3.05,3.1,12.4,24.1,28.75
28.3,30.8,24.8,82.0,6.1,3.4,12.2,25.9,31.0
29.3,32.0,25.3,77.0,0.0,3.9,12.4,22.2,14.5
29.3,32.0,25.7,75.0,0.0,4.2,14.1,24.1,23.916666666666668
29.1,32.2,25.2,78.0,0.25,4.3,17.6,29.4,26.458333333333332
27.4,30.2,25.3,86.0,3.05,3.1,13.0,24.1,29.208333333333332
29.2,31.8,24.7,77.0,8.89,4.3,14.3,22.2,36.5
29.1,31.7,26.0,78.0,0.0,5.5,14.6,22.2,57.25
28.0,31.0,23.8,82.0,9.91,3.7,11.1,25.9,44.125
28.6,31.8,24.6,77.0,4.06,4.0,10.9,22.2,62.25
27.9,31.3,23.3,80.0,4.06,3.5,10.0,22.2,60.125
28.4,32.0,23.8,74.0,0.51,4.3,12.0,24.1,54.25
28.8,32.2,24.4,69.0,0.0,4.8,9.8,20.6,39.208333333333336
28.9,32.0,23.8,71.0,0.0,4.3,9.3,20.6,38.708333333333336
28.6,31.5,24.4,75.0,0.0,4.2,9.8,18.3,31.375
27.9,31.5,23.7,87.0,17.02,2.7,6.5,18.3,94.375
28.3,31.5,23.8,84.0,21.08,3.5,9.8,20.6,85.75
28.7,31.0,24.2,80.0,33.02,3.9,10.2,22.2,80.66666666666667
28.4,31.1,24.8,83.0,5.08,3.4,17.2,25.9,39.416666666666664
27.6,30.0,24.0,86.0,32.0,3.1,15.2,24.1,23.958333333333332
28.6,32.3,24.7,83.0,27.94,3.4,15.7,31.7,19.916666666666668
28.2,31.8,23.7,72.0,0.0,4.3,10.0,22.2,50.416666666666664
27.9,31.7,23.4,72.0,0.0,3.9,9.8,22.2,55.708333333333336
28.4,33.0,21.3,71.0,0.0,4.8,10.4,22.2,47.083333333333336
31.7,37.0,24.0,59.0,0.0,3.5,10.6,22.2,69.375
29.2,34.3,25.7,79.0,3.05,2.6,9.1,20.6,65.375
27.9,31.8,25.0,86.0,0.0,3.5,9.6,20.6,75.625
31.0,35.0,23.5,69.0,0.0,2.9,7.0,18.3,97.70833333333333
30.6,36.0,24.4,79.0,0.0,2.6,9.1,18.3,80.70833333333333
30.1,33.2,26.6,76.0,0.0,3.5,9.4,18.3,69.25
30.4,33.9,25.0,73.0,0.0,3.1,8.1,20.6,65.375
31.4,37.0,23.4,70.0,0.0,2.7,6.5,18.3,84.375
32.6,37.2,25.4,56.0,0.0,3.1,6.7,18.3,115.875
32.2,37.5,26.6,58.0,0.0,2.6,7.6,14.8,153.375
31.8,37.1,24.2,54.0,0.0,3.4,7.8,16.5,162.875
31.3,37.5,23.9,64.0,0.0,2.7,4.4,16.5,115.70833333333333
30.1,34.4,26.0,72.0,0.0,2.9,7.2,27.8,49.333333333333336
30.3,35.2,23.8,64.0,0.76,2.9,8.3,18.3,107.33333333333333
30.6,34.5,25.2,63.0,0.0,2.6,5.6,14.8,80.16666666666667
30.0,35.7,22.0,53.0,0.0,3.2,10.2,20.6,256.9583333333333
30.3,36.1,21.8,57.0,0.0,3.2,7.8,18.3,185.08333333333334
30.6,36.5,23.6,53.0,0.0,3.1,10.0,18.3,249.5
30.1,35.0,21.4,57.0,0.0,2.9,6.3,18.3,269.5833333333333
31.1,36.5,20.7,44.0,0.0,4.0,7.4,14.8,241.875
30.4,36.0,20.7,45.0,0.0,3.7,8.7,20.6,176.875
29.8,36.0,20.6,51.0,0.0,3.5,7.4,16.5,205.0
29.9,37.0,20.8,48.0,0.0,3.5,9.1,20.6,257.4166666666667
29.9,35.8,21.1,47.0,0.0,3.5,9.1,16.5,204.75
30.2,36.7,20.7,46.0,0.0,3.9,7.6,20.6,160.95833333333334
29.5,34.7,21.4,32.0,0.0,3.5,10.7,18.3,268.1666666666667
30.4,37.0,18.4,40.0,0.0,3.5,11.9,22.2,278.3333333333333
29.2,35.5,23.2,60.0,0.51,3.1,9.4,16.5,256.7083333333333
30.3,35.5,23.6,63.0,0.0,3.1,6.9,14.8,156.375
30.3,35.3,23.4,63.0,0.0,2.6,6.7,16.5,200.5
28.9,33.0,22.4,55.0,0.0,3.5,7.6,18.3,267.0416666666667
29.8,35.8,20.2,56.0,0.0,2.7,6.9,20.6,190.5
29.6,35.2,20.8,55.0,0.0,2.4,8.0,18.3,236.41666666666666
29.0,34.6,19.6,47.0,0.0,2.9,8.1,20.6,187.875
29.5,35.7,18.7,40.0,0.0,3.2,7.6,16.5,288.0833333333333
28.3,34.9,17.9,44.0,0.0,2.9,8.0,14.8,302.4583333333333
27.9,33.3,17.0,51.0,0.0,2.6,7.0,16.5,261.25
26.8,31.5,17.2,42.0,0.0,3.1,6.9,18.3,161.375
27.6,32.1,18.4,51.0,0.0,2.7,6.9,16.5,157.375
27.9,33.0,21.5,54.0,0.0,2.7,6.9,16.5,162.875
27.4,33.5,17.4,53.0,0.0,2.4,7.4,16.5,264.5833333333333
26.8,31.1,17.8,58.0,0.0,2.3,5.9,18.3,253.29166666666666
25.8,31.6,16.0,44.0,0.0,2.7,7.6,20.6,338.625
25.3,32.1,18.3,28.0,0.0,2.9,15.6,24.1,210.875
25.4,32.7,16.6,28.0,0.0,2.6,10.4,20.6,255.33333333333334
25.7,34.0,14.4,33.0,0.0,2.7,7.4,20.6,199.91666666666666
28.073244444444466,32.175733333333326,22.480800000000027,65.71022222222223,0.0,3.1743111111111104,11.082755555555527,22.02951111111109,284.79583333333335
28.6,35.3,15.7,35.0,0.0,3.1,7.0,18.3,219.72083333333333
26.9,33.2,15.0,43.0,0.0,2.6,7.2,18.3,182.1875
25.8,32.3,13.2,49.0,0.0,2.4,6.3,18.3,115.28749999999998
26.7,32.1,19.0,52.0,0.0,1.9,7.0,14.8,223.20833333333334
27.2,32.8,18.8,50.0,0.0,2.1,6.9,16.5,200.64583333333337
26.6,32.3,17.2,41.0,0.0,2.9,7.2,18.3,154.875
24.9,29.0,18.5,59.0,0.0,2.1,5.9,18.3,236.82499999999996
24.0,28.0,17.5,62.0,0.0,2.7,8.7,25.9,276.90833333333336
24.0,27.2,17.2,63.0,0.0,2.6,7.4,20.6,245.65
23.7,28.2,15.0,39.0,0.0,3.2,9.6,20.6,107.625
23.4,29.5,12.6,39.0,0.0,2.9,10.7,22.2,125.89166666666667
25.2,31.0,15.2,33.0,0.0,2.9,11.3,20.6,179.3083333333333
25.3,31.4,15.1,40.0,0.0,3.2,6.9,20.6,152.55416666666667
24.1,29.0,13.6,50.0,0.0,3.2,9.1,22.2,152.32083333333335
24.0,29.0,15.9,58.0,0.0,2.9,8.3,18.3,171.42916666666665
26.8,31.0,18.0,60.0,0.0,2.3,7.8,18.3,332.7083333333333
26.9,32.0,18.6,53.0,0.0,2.6,7.6,18.3,279.59999999999997
26.8,33.0,17.5,50.0,0.0,2.7,8.7,18.3,179.11666666666667
25.7,32.4,15.0,46.0,0.0,3.1,6.3,22.2,166.29999999999998
23.7,28.0,16.8,62.0,0.0,4.5,9.3,20.6,93.375
24.7,29.7,15.9,62.0,0.0,3.4,8.1,18.3,103.0
25.8,30.0,17.6,65.0,0.0,2.3,8.1,20.6,211.125
24.2,28.0,16.8,61.0,0.0,3.2,10.6,20.6,127.70833333333333
25.1,31.3,16.4,41.0,0.0,2.9,9.1,24.1,109.33333333333333
25.6,31.0,16.4,42.0,0.0,2.7,8.9,20.6,110.96035555555568
26.8,30.9,20.7,68.0,0.0,3.1,7.6,20.6,135.83333333333334
28.0,31.0,21.0,57.0,0.0,3.2,10.6,22.2,122.5
28.6,32.0,21.4,39.0,0.0,3.2,9.8,18.3,119.33333333333333
25.9,30.0,19.6,66.0,0.0,2.7,8.3,20.6,79.83333333333333
26.8,31.0,18.8,66.0,0.0,2.3,6.7,20.6,62.708333333333336
28.1,34.0,20.2,62.0,0.0,1.6,7.2,20.6,81.04166666666667
29.3,35.0,20.2,59.0,0.0,2.1,7.4,20.6,1.8333333333333333
29.7,34.0,23.2,61.0,0.0,2.4,8.5,20.6,1.7916666666666667
31.3,36.0,24.9,46.0,0.0,2.7,10.9,18.3,31.625
28.6,33.0,20.0,50.0,0.0,3.1,9.3,22.2,122.70833333333333
29.6,35.0,21.4,43.0,0.0,3.4,11.3,20.6,76.54166666666667
29.3,34.0,22.6,49.0,0.0,3.2,11.3,24.1,159.08333333333334
26.9,31.0,22.9,66.0,0.0,5.5,10.9,18.3,77.20833333333333
26.7,30.0,20.6,66.0,0.0,4.3,10.4,25.9,87.83333333333333
28.2,31.0,22.3,56.0,0.0,3.9,10.6,25.9,90.04166666666667
31.9,37.0,23.4,43.0,0.0,3.4,10.2,20.6,64.79166666666667
31.2,37.0,26.2,48.0,0.0,3.4,10.9,18.3,62.875
30.7,37.0,23.3,44.0,0.0,3.7,10.0,22.2,88.375
28.4,32.2,24.0,77.0,0.0,3.4,10.0,22.2,128.33333333333334
29.3,32.0,23.8,71.0,0.0,3.1,8.7,22.2,87.58333333333333
31.3,36.0,23.4,53.0,0.0,3.4,8.9,20.6,2.9166666666666665
28.4,33.0,22.8,68.0,0.0,3.9,10.9,24.1,15.166666666666666
28.3,32.0,23.4,73.0,0.0,3.9,11.3,22.2,21.25
28.2,31.5,23.4,75.0,0.0,3.2,10.2,25.9,25.75
28.7,31.2,23.4,74.0,0.0,3.5,9.6,22.2,52.416666666666664
30.1,34.0,23.4,55.0,0.0,3.5,10.9,24.1,117.75
31.2,37.0,24.0,43.0,0.0,3.2,11.9,20.6,20.791666666666668
30.8,35.0,25.4,52.0,0.0,4.0,11.9,20.6,64.79166666666667
29.1,32.9,23.4,73.0,0.0,3.2,11.3,24.1,104.625
29.4,34.0,22.8,68.0,0.0,3.5,10.6,22.2,109.625
29.8,34.0,22.2,65.0,0.0,3.4,11.5,22.2,63.458333333333336
30.7,34.0,25.0,66.0,0.0,3.7,10.9,22.2,110.96035555555568
29.9,32.9,26.0,72.0,0.0,3.7,10.7,22.2,30.875
29.0,32.2,25.3,74.0,0.0,4.2,11.9,24.1,75.58333333333333
29.0,32.2,24.0,68.0,0.0,4.0,9.6,20.6,110.96035555555568
29.8,33.2,22.6,69.0,0.0,4.0,10.9,20.6,110.96035555555568
33.0,38.0,25.4,47.0,0.0,3.7,13.1,24.1,110.96035555555568
29.9,33.5,25.0,72.0,0.0,4.2,11.3,22.2,133.375
30.2,34.0,25.6,72.0,0.0,3.7,11.1,22.2,102.41666666666667
30.2,34.0,24.8,71.0,0.0,4.5,8.9,24.1,101.75
29.9,32.5,25.1,72.0,0.0,4.5,11.5,24.1,149.58333333333334
30.2,33.2,26.2,72.0,0.0,4.3,12.0,24.1,107.29166666666667
30.1,33.2,26.5,73.0,0.0,5.1,9.8,24.1,96.25
30.8,33.5,26.5,74.0,0.0,3.9,12.4,22.2,128.125
31.2,33.7,27.4,73.0,0.0,4.2,11.7,27.8,108.0
30.9,33.9,25.8,76.0,0.0,5.0,12.0,24.1,125.625
31.2,34.0,28.6,74.0,0.0,3.9,16.9,22.2,94.375
31.4,34.4,29.2,73.0,0.0,4.2,17.4,22.2,118.5
31.3,34.5,29.0,73.0,0.0,3.9,17.6,24.1,89.54166666666667
31.4,35.0,29.2,73.0,0.0,4.7,16.9,24.1,95.83333333333333
31.6,35.2,29.0,70.0,0.0,4.3,15.6,24.1,93.5
31.6,35.0,28.8,70.0,0.0,4.5,15.0,22.2,97.625
32.1,35.0,27.7,68.0,0.0,4.5,14.3,25.9,45.375
32.0,34.0,29.0,67.0,0.0,4.3,13.5,81.3,65.16666666666667
32.2,35.0,29.0,66.0,0.0,4.5,14.6,27.8,67.08333333333333
31.9,34.7,28.0,68.0,0.0,4.8,16.7,27.8,80.04166666666667
31.6,34.0,28.6,73.0,0.0,4.0,15.4,24.1,70.25
31.8,35.0,28.6,70.0,0.0,4.0,17.0,25.9,75.125
31.9,34.6,29.0,70.0,0.0,4.2,15.6,24.1,37.166666666666664
31.8,35.0,29.0,71.0,0.0,3.4,19.1,27.8,32.958333333333336
31.4,34.7,28.8,72.0,0.0,2.7,18.9,27.8,40.833333333333336
31.3,33.7,27.6,74.0,0.0,3.5,17.6,25.9,42.541666666666664
28.8,32.0,25.0,80.0,0.0,2.4,12.0,22.2,97.29166666666667
27.7,29.2,23.2,87.0,0.0,2.9,9.4,16.5,79.83333333333333
28.1,31.6,23.9,86.0,0.0,3.5,13.1,22.2,87.75
26.7,28.0,24.3,92.0,0.0,2.1,14.1,22.2,49.416666666666664
26.6,29.5,23.4,90.0,0.0,2.4,14.6,22.2,43.666666666666664
27.1,29.0,24.4,92.0,0.0,1.8,12.4,22.2,52.166666666666664
27.8,30.0,23.6,92.0,0.0,1.8,15.0,24.1,29.666666666666668
27.2,28.0,24.6,94.0,0.0,1.8,18.1,31.7,47.75
27.9,30.0,24.8,92.0,0.0,2.1,18.1,29.4,37.708333333333336
28.9,30.0,25.9,83.0,0.0,3.1,16.9,22.2,29.833333333333332
28.4,29.0,27.0,86.0,0.0,2.7,19.3,25.9,29.666666666666668
28.8,30.0,25.4,83.0,0.0,2.7,18.5,31.7,56.708333333333336
28.2,30.5,24.0,84.0,0.0,2.9,17.2,27.8,41.458333333333336
27.0,30.5,25.0,90.0,0.0,2.9,13.1,25.9,53.125
28.2,31.5,24.3,84.0,0.0,3.2,14.6,24.1,54.875
26.4,28.0,23.4,91.0,0.0,2.4,13.7,25.9,70.58333333333333
27.5,30.0,24.0,86.0,0.0,2.9,12.6,24.1,52.458333333333336
26.1,27.7,23.7,90.0,0.0,2.4,7.0,22.2,36.583333333333336
27.7,29.5,24.7,86.0,0.0,3.4,9.1,18.3,26.583333333333332
26.4,28.0,25.0,90.0,0.0,2.6,8.0,20.6,57.583333333333336
25.9,29.0,23.4,90.0,0.0,2.7,9.3,14.8,30.708333333333332
26.5,28.0,25.0,94.0,0.0,2.1,14.3,24.1,25.541666666666668
27.0,28.0,23.2,90.0,0.0,2.6,22.0,35.2,28.375
27.8,28.0,24.6,85.0,0.0,2.7,19.8,33.5,40.333333333333336
27.9,29.0,25.0,86.0,0.0,2.4,22.2,33.5,39.333333333333336
28.4,30.0,25.2,82.0,0.0,3.5,19.8,25.9,31.916666666666668
28.4,30.6,25.5,83.0,0.0,3.2,20.9,29.4,36.791666666666664
28.2,30.6,26.0,84.0,0.0,3.2,22.2,33.5,33.291666666666664
28.5,30.6,25.9,82.0,0.0,3.9,19.3,29.4,21.125
28.2,30.0,25.8,81.0,0.0,3.1,21.9,31.7,18.0
28.5,30.6,26.0,81.0,0.0,3.1,19.3,27.8,28.041666666666668
28.3,31.0,25.7,80.0,0.0,3.2,14.6,24.1,46.041666666666664
28.6,30.2,25.4,81.0,0.0,2.9,16.5,24.1,28.75
28.6,30.6,25.8,80.0,0.0,3.1,17.6,22.2,70.54166666666667
28.3,31.7,24.8,79.0,0.0,3.5,15.4,24.1,30.666666666666668
26.3,28.0,24.4,91.0,0.0,2.3,7.4,16.5,31.75
25.7,27.0,24.0,95.0,0.0,1.9,9.3,14.8,41.041666666666664
28.2,30.7,25.0,81.0,0.0,4.2,12.2,24.1,30.625
28.2,31.3,25.4,81.0,0.51,3.7,15.9,25.9,30.333333333333332
27.2,30.3,25.0,85.0,4.06,3.4,11.9,31.7,31.75
27.4,30.2,23.6,82.0,0.0,3.4,12.8,22.2,34.208333333333336
27.6,30.6,25.4,78.0,0.0,3.4,14.3,27.8,110.96035555555568
27.9,31.5,24.0,78.0,0.0,3.2,11.9,22.2,110.96035555555568
27.2,31.7,24.0,81.0,0.0,3.2,10.9,22.2,110.96035555555568
28.0,30.0,23.6,81.0,0.0,3.5,9.3,20.6,71.66666666666667
28.9,31.0,23.9,78.0,0.0,3.4,11.9,20.6,65.625
26.2,28.0,25.0,92.0,0.0,2.1,9.8,20.6,53.375
26.6,29.0,23.0,89.0,0.0,3.1,12.8,22.2,24.875
25.3,28.0,23.0,94.0,0.0,1.9,12.2,22.2,37.333333333333336
26.1,27.0,25.5,93.0,0.0,1.8,10.7,13.0,50.125
27.4,29.2,23.4,84.0,0.0,3.1,10.9,20.6,38.791666666666664
28.7,31.0,24.8,80.0,0.0,4.0,11.9,22.2,48.916666666666664
28.1,29.5,25.2,83.0,0.0,2.9,10.4,20.6,76.91666666666667
26.3,28.0,24.5,88.0,0.0,2.6,10.7,18.3,29.0
25.1,26.2,23.0,95.0,0.0,2.3,9.4,18.3,34.25
25.7,27.2,23.0,93.0,0.0,2.9,10.2,14.8,62.708333333333336
27.7,31.0,24.0,83.0,0.0,4.0,11.9,22.2,41.583333333333336
28.0,31.6,23.4,80.0,0.0,3.7,11.9,20.6,50.916666666666664
28.2,31.0,23.6,83.0,0.0,3.4,10.7,20.6,40.958333333333336
28.2,34.0,22.6,72.0,0.0,4.2,11.5,20.6,95.25
29.1,33.2,22.4,67.0,0.0,2.7,10.0,18.3,115.83333333333333
29.4,33.3,21.5,70.0,0.0,2.4,9.3,16.5,149.66666666666666
30.8,35.0,22.6,50.0,0.0,2.6,8.1,20.6,160.66666666666666
29.7,35.0,20.6,51.0,0.0,2.6,9.6,18.3,173.58333333333334
28.9,34.0,21.0,62.0,0.0,2.6,9.6,18.3,168.625
28.0,31.0,21.7,60.0,0.0,3.4,10.9,20.6,272.4166666666667
28.0,33.0,18.8,59.0,0.0,3.1,9.4,18.3,226.29166666666666
29.8,35.0,20.5,47.0,0.0,3.5,10.6,25.9,291.7083333333333
30.8,35.7,20.2,50.0,0.0,3.1,10.7,22.2,217.375
30.4,36.0,22.2,39.0,0.0,3.5,10.7,22.2,309.375
30.0,35.0,22.0,34.0,0.0,3.4,12.6,20.6,166.91666666666666
29.1,34.7,20.4,40.0,0.0,3.4,10.0,18.3,429.1666666666667
27.9,34.0,18.5,46.0,0.0,3.1,9.1,24.1,192.33333333333334
28.6,35.0,16.7,37.0,0.0,3.1,9.1,18.3,235.33333333333334
28.2,35.0,17.0,37.0,0.0,3.2,9.6,18.3,153.29166666666666
28.073244444444466,32.175733333333326,22.480800000000027,65.71022222222223,0.0,3.1743111111111104,11.082755555555527,22.02951111111109,224.16666666666666
28.2,34.0,19.0,46.0,0.0,2.6,7.6,16.5,210.54166666666666
28.8,35.0,19.6,56.0,0.0,2.3,6.3,13.0,251.20833333333334
29.9,35.4,22.0,59.0,0.0,2.3,9.3,16.5,172.83333333333334
27.1,34.5,16.4,46.0,0.0,3.1,7.6,16.5,250.875
27.7,35.2,16.4,41.0,0.0,3.4,8.5,16.5,274.875
28.1,35.0,17.6,40.0,0.0,2.7,7.8,16.5,207.91666666666666
27.9,34.5,17.4,41.0,0.0,3.1,8.3,16.5,217.91666666666666
28.0,35.0,16.6,43.0,0.0,3.2,8.0,20.6,184.20833333333334
28.4,35.0,18.0,50.0,0.0,2.6,6.9,18.3,130.91666666666666
28.0,33.0,17.6,49.0,0.0,2.4,6.7,14.8,185.95833333333334
27.9,35.2,18.4,47.0,0.0,2.6,9.8,18.3,195.375
28.9,35.0,18.8,46.0,0.0,2.4,9.8,16.5,151.04166666666666
27.4,34.0,17.4,43.0,0.0,2.6,8.7,20.6,312.2083333333333
27.1,33.0,17.6,41.0,0.0,2.7,7.8,18.3,237.625
26.1,33.5,17.0,52.0,0.0,2.3,7.6,16.5,179.33333333333334
28.2,35.0,16.2,39.0,0.0,2.9,9.1,20.6,260.1666666666667
28.8,34.6,18.2,46.0,0.0,3.1,8.5,18.3,403.9583333333333
29.3,34.0,22.6,55.0,0.0,3.1,9.4,20.6,455.5833333333333
26.6,32.0,17.0,48.0,0.0,3.2,8.0,18.3,288.4166666666667
27.3,34.0,18.5,46.0,0.0,2.9,9.6,16.5,256.8333333333333
27.4,34.0,16.4,45.0,0.0,2.6,7.8,18.3,175.75
26.1,32.0,16.3,55.0,0.0,2.1,4.3,16.5,186.04166666666666
26.8,33.0,15.9,47.0,0.0,2.4,6.9,16.5,185.58333333333334
26.6,32.0,15.4,41.0,0.0,2.6,8.5,20.6,114.08333333333333
28.073244444444466,32.175733333333326,22.480800000000027,65.71022222222223,0.0,3.1743111111111104,11.082755555555527,22.02951111111109,219.72083333333333
25.9,31.0,16.5,52.0,0.0,1.9,6.1,16.5,182.1875
26.3,33.0,16.2,49.0,0.0,1.9,6.9,16.5,115.28749999999998
26.1,32.5,15.4,43.0,0.0,2.3,8.1,16.5,110.96035555555568
24.2,29.0,15.9,68.0,0.0,2.6,8.9,20.6,200.64583333333337
24.6,29.0,17.2,61.0,0.0,2.6,9.3,22.2,154.875
24.5,29.0,16.8,50.0,0.0,2.9,9.8,22.2,129.38749999999996
24.4,31.0,13.6,49.0,0.0,2.4,9.3,20.6,276.90833333333336
25.5,32.0,16.4,58.0,0.0,2.4,9.8,20.6,245.65
25.8,33.0,18.2,66.0,0.0,1.9,8.3,18.3,218.67083333333326
26.3,32.0,17.0,49.0,0.0,2.4,9.3,18.3,125.89166666666667
26.3,32.0,17.1,47.0,0.0,2.3,8.0,20.6,179.3083333333333
27.1,32.0,16.5,43.0,0.0,2.4,7.6,16.5,239.85
28.5,34.0,19.0,39.0,0.0,2.4,7.6,18.3,152.32083333333335
27.1,32.0,18.8,45.0,0.0,2.7,11.9,22.2,171.42916666666665
25.1,30.0,16.4,48.0,0.0,3.7,9.8,20.6,251.375
27.3,33.0,17.6,40.0,0.0,2.1,8.0,18.3,279.59999999999997
26.9,33.0,15.9,47.0,0.0,2.3,5.9,16.5,179.11666666666667
27.7,33.2,18.2,48.0,0.0,1.9,6.7,18.3,166.29999999999998
26.4,32.0,18.5,60.0,0.0,2.4,7.4,20.6,78.25416666666666
25.3,31.0,14.0,48.0,0.0,3.1,7.6,18.3,103.0
26.1,30.0,17.6,56.0,0.0,3.2,9.8,18.3,211.125
26.7,34.0,16.8,44.0,0.0,3.1,8.0,20.6,192.29166666666666
27.8,34.0,16.4,44.0,0.0,2.6,8.1,18.3,109.33333333333333
29.7,36.0,18.3,38.0,0.0,2.9,8.5,18.3,110.96035555555568
30.2,37.0,19.3,37.0,0.0,3.9,8.7,24.1,110.96035555555568
30.0,36.0,19.5,37.0,0.0,2.7,8.7,22.2,122.5
28.9,35.0,19.4,51.0,0.0,3.2,10.9,24.1,119.33333333333333
26.2,30.0,20.4,74.0,0.0,4.0,10.4,24.1,67.125
30.1,39.0,18.2,35.0,0.0,3.2,8.0,22.2,62.708333333333336
30.2,37.0,17.4,32.0,0.0,3.5,10.0,22.2,81.04166666666667
29.8,36.0,19.7,39.0,0.0,2.7,6.7,18.3,21.208333333333332
30.6,37.0,18.7,39.0,0.0,3.1,8.3,18.3,1.8333333333333333
29.2,35.0,19.3,43.0,0.0,3.5,9.3,22.2,1.7916666666666667
28.1,33.0,20.5,53.0,0.0,3.4,9.1,20.6,31.625
27.1,31.0,18.4,66.0,0.0,2.9,9.3,20.6,122.70833333333333
27.6,31.6,19.8,62.0,0.0,3.5,9.1,22.2,76.54166666666667
27.7,32.0,20.8,57.0,0.0,4.3,11.5,20.6,159.08333333333334
27.4,32.2,15.2,31.0,0.0,3.5,9.4,22.2,77.20833333333333
28.7,36.0,16.2,39.0,0.0,3.5,9.1,20.6,87.83333333333333
28.9,33.0,19.4,47.0,0.0,3.2,9.6,22.2,90.04166666666667
27.8,34.0,20.6,72.0,0.0,4.2,11.9,22.2,64.79166666666667
28.7,35.0,20.2,68.0,0.0,3.9,10.7,25.9,62.875
28.6,32.0,21.9,74.0,0.0,3.5,10.9,22.2,88.375
30.0,34.0,21.4,60.0,0.0,3.9,11.9,29.4,128.33333333333334
31.4,36.0,22.2,52.0,0.0,3.7,11.5,27.8,87.58333333333333
32.8,39.0,21.5,46.0,0.0,3.5,10.9,25.9,2.9166666666666665
30.3,34.0,24.0,64.0,0.0,3.4,9.6,24.1,15.166666666666666
28.9,32.0,23.0,73.0,0.0,3.9,9.6,18.3,21.25
29.2,33.2,23.4,68.0,0.0,4.0,10.7,20.6,25.75
29.5,34.0,22.7,70.0,0.0,3.9,9.8,20.6,52.416666666666664
28.8,33.0,22.8,57.0,0.0,3.7,10.4,22.2,117.75
29.4,34.0,19.0,51.0,0.0,2.9,11.9,25.9,20.791666666666668
31.8,37.0,20.4,44.0,0.0,2.4,8.7,22.2,64.79166666666667
30.8,35.0,22.0,67.0,0.0,3.1,10.6,20.6,104.625
30.2,34.2,24.8,74.0,0.0,3.4,12.0,24.1,109.625
29.8,33.0,25.4,77.0,0.0,3.7,9.4,24.1,63.458333333333336
30.2,33.6,25.0,72.0,0.0,4.2,13.0,24.1,110.96035555555568
30.0,33.2,24.2,74.0,0.0,3.9,11.3,20.6,30.875
30.0,34.0,25.0,70.0,0.0,4.0,13.9,25.9,75.58333333333333
29.6,33.0,23.8,62.0,0.0,4.0,12.4,22.2,110.96035555555568
29.5,33.0,23.4,68.0,0.0,3.4,11.5,25.9,110.96035555555568
29.8,34.0,24.0,68.0,0.0,3.9,11.3,27.8,110.96035555555568
30.2,33.5,25.4,71.0,0.0,3.7,10.4,24.1,133.375
29.4,32.0,24.0,76.0,0.0,3.9,10.9,24.1,102.41666666666667
29.8,32.2,24.2,75.0,0.0,3.9,9.8,20.6,101.75
30.7,33.6,27.0,70.0,0.0,4.3,11.1,22.2,149.58333333333334
31.1,40.0,26.0,70.0,0.0,3.7,12.0,24.1,107.29166666666667
30.7,34.0,24.6,71.0,0.0,4.7,10.7,22.2,96.25
31.3,35.0,25.5,67.0,0.0,3.4,8.9,25.9,128.125
31.1,34.5,26.4,74.0,0.0,4.0,12.8,24.1,108.0
31.0,34.2,27.1,70.0,0.0,4.8,14.4,25.9,125.625
30.8,33.5,26.4,70.0,0.0,4.5,11.7,22.2,94.375
30.8,33.6,25.7,68.0,0.0,4.8,13.5,24.1,118.5
30.9,34.0,25.8,64.0,0.0,4.8,13.1,27.8,89.54166666666667
31.1,34.0,28.0,73.0,0.0,5.0,14.3,24.1,95.83333333333333
31.0,33.7,27.8,71.0,0.0,5.1,17.0,22.2,93.5
31.2,34.2,27.8,71.0,0.0,4.5,17.0,24.1,97.625
31.6,34.0,28.4,72.0,0.0,4.8,16.7,25.9,45.375
31.2,35.0,27.2,75.0,0.0,4.2,13.0,25.9,65.16666666666667
31.1,34.0,25.4,74.0,0.0,4.7,12.8,22.2,67.08333333333333
31.3,34.2,28.0,71.0,0.0,4.5,16.3,33.5,80.04166666666667
28.8,34.5,25.0,79.0,0.0,3.2,14.8,27.8,70.25
28.6,32.2,24.2,79.0,0.0,3.7,10.9,24.1,75.125
28.4,32.0,24.2,82.0,0.0,3.1,13.0,22.2,37.166666666666664
28.9,31.6,24.1,83.0,0.0,3.4,10.4,18.3,32.958333333333336
29.6,33.2,25.0,81.0,0.0,4.0,12.0,22.2,40.833333333333336
29.7,32.0,25.2,81.0,0.0,5.0,13.1,25.9,42.541666666666664
30.7,34.0,27.5,76.0,0.0,3.7,14.8,22.2,97.29166666666667
30.8,33.0,26.8,74.0,0.0,3.7,17.0,25.9,79.83333333333333
30.0,33.0,27.0,76.0,0.0,3.2,18.1,27.8,87.75
25.9,27.0,22.0,91.0,0.0,2.3,10.4,25.9,49.416666666666664
28.3,33.0,25.1,85.0,6.1,2.6,15.4,29.4,43.666666666666664
28.0,30.0,25.0,87.0,0.0,2.1,18.0,31.7,52.166666666666664
28.4,31.0,24.4,86.0,0.0,2.3,21.5,40.7,29.666666666666668
28.2,31.0,24.2,86.0,0.0,2.3,17.8,25.9,47.75
29.8,32.0,25.2,80.0,0.0,2.9,19.3,27.8,37.708333333333336
29.7,32.2,25.5,79.0,0.0,3.4,19.4,31.7,29.833333333333332
29.4,31.5,26.2,79.0,0.0,3.4,16.5,25.9,29.666666666666668
29.4,32.0,24.6,78.0,0.0,3.4,12.2,27.8,56.708333333333336
28.8,31.0,26.0,82.0,0.0,2.9,20.6,31.7,41.458333333333336
28.2,30.0,24.2,84.0,0.0,2.3,19.1,37.0,53.125
27.4,29.0,23.4,86.0,0.0,2.3,20.2,37.0,54.875
27.1,29.0,24.2,92.0,0.0,2.4,11.7,20.6,70.58333333333333
27.5,30.0,24.6,90.0,0.0,2.3,16.1,27.8,52.458333333333336
27.4,29.0,24.5,92.0,0.0,1.8,22.4,37.0,36.583333333333336
28.4,30.0,24.8,83.0,0.0,2.7,19.3,29.4,26.583333333333332
28.6,30.0,26.4,82.0,0.0,2.9,20.0,31.7,57.583333333333336
28.3,30.0,25.9,85.0,0.0,2.6,21.7,31.7,30.708333333333332
27.8,30.2,24.9,86.0,0.0,2.7,15.9,25.9,25.541666666666668
28.3,31.0,24.8,84.0,0.0,2.9,18.1,31.7,28.375
28.6,30.7,26.5,81.0,2.03,3.7,17.0,25.9,40.333333333333336
28.6,30.6,25.5,82.0,0.0,3.5,19.1,31.7,39.333333333333336
28.9,32.0,26.4,80.0,0.0,3.4,12.2,24.1,31.916666666666668
29.0,31.6,25.6,79.0,0.0,3.5,13.7,24.1,36.791666666666664
28.8,31.6,26.2,79.0,0.0,3.5,16.3,29.4,33.291666666666664
28.2,31.0,25.4,82.0,0.0,3.1,14.4,24.1,21.125
26.8,30.0,24.5,89.0,50.04,2.6,11.5,24.1,18.0
27.6,29.0,23.7,86.0,0.0,3.1,9.6,18.3,28.041666666666668
27.3,29.0,25.6,88.0,0.0,2.3,12.2,20.6,46.041666666666664
24.6,28.0,22.6,92.0,0.0,2.1,11.1,24.1,28.75
25.5,28.0,21.8,90.0,0.0,2.4,7.2,22.2,70.54166666666667
26.9,29.0,25.0,91.0,0.0,2.3,16.1,29.4,30.666666666666668
27.5,29.0,24.2,88.0,0.0,2.4,15.2,24.1,31.75
28.0,30.0,25.0,87.0,0.0,2.6,15.4,24.1,41.041666666666664
28.6,32.0,25.8,80.0,0.0,3.2,15.6,27.8,30.625
27.9,31.0,26.0,84.0,0.0,3.2,11.9,25.9,30.333333333333332
27.8,31.0,25.0,85.0,0.0,3.1,13.3,24.1,31.75
27.6,30.2,25.0,87.0,0.0,3.4,8.9,16.5,34.208333333333336
29.4,32.0,25.0,77.0,0.0,3.7,11.3,24.1,110.96035555555568
29.2,32.4,27.0,81.0,0.0,2.7,10.0,22.2,110.96035555555568
29.1,31.0,26.4,82.0,1.02,2.6,9.3,16.5,110.96035555555568
28.5,31.0,23.6,84.0,0.0,3.1,7.6,14.8,71.66666666666667
29.1,32.5,25.0,80.0,0.0,2.7,7.8,20.6,65.625
28.1,31.5,24.0,82.0,0.0,3.2,7.6,20.6,53.375
27.2,32.0,24.0,87.0,136.91,2.3,16.5,40.7,24.875
24.9,27.0,23.8,94.0,0.0,1.8,12.4,25.9,37.333333333333336
26.8,30.0,24.0,88.0,62.99,2.1,10.2,22.2,50.125
28.9,31.0,25.7,77.0,0.0,4.2,10.6,24.1,38.791666666666664
29.1,32.0,24.5,77.0,0.0,3.5,8.9,20.6,48.916666666666664
30.0,34.0,26.6,79.0,0.0,2.7,11.3,20.6,76.91666666666667
30.4,33.0,27.0,77.0,0.0,2.9,10.4,24.1,29.0
30.6,34.0,26.6,72.0,0.0,2.9,9.3,22.2,34.25
30.6,34.0,25.8,73.0,0.0,2.9,9.4,20.6,62.708333333333336
28.2,32.4,24.6,82.0,13.97,2.4,8.7,20.6,41.583333333333336
28.4,36.0,24.8,80.0,7.11,3.5,10.0,20.6,50.916666666666664
28.9,31.6,25.0,81.0,0.0,2.9,6.3,20.6,40.958333333333336
28.8,32.0,26.2,83.0,0.76,2.6,6.9,18.3,95.25
28.1,31.0,25.8,85.0,6.1,2.6,8.5,20.6,115.83333333333333
28.4,32.0,25.4,84.0,9.91,2.6,7.6,18.3,149.66666666666666
29.9,34.0,24.0,72.0,0.0,2.4,7.2,20.6,160.66666666666666
29.0,32.4,23.4,76.0,0.0,2.3,8.0,18.3,173.58333333333334
29.2,32.0,26.2,80.0,0.0,2.6,10.4,22.2,168.625
30.5,36.0,21.4,47.0,0.0,3.5,7.0,20.6,272.4166666666667
30.8,36.2,23.3,48.0,0.0,3.5,8.7,18.3,226.29166666666666
29.6,34.0,23.7,63.0,0.0,3.1,9.3,24.1,291.7083333333333
30.3,35.4,23.6,41.0,0.0,3.4,9.3,14.8,217.375
30.3,35.0,22.6,36.0,0.0,3.4,9.3,18.3,309.375
30.2,35.0,24.4,36.0,0.0,2.9,10.4,18.3,166.91666666666666
29.7,34.4,22.0,38.0,0.0,3.2,10.9,22.2,429.1666666666667
29.6,35.0,23.1,55.0,0.0,3.5,8.3,16.5,192.33333333333334
29.4,34.0,22.4,51.0,0.0,3.4,8.0,18.3,235.33333333333334
29.7,35.0,21.5,44.0,0.0,3.4,8.9,16.5,153.29166666666666
27.5,35.0,19.3,51.0,0.0,2.6,7.8,18.3,221.54166666666666
27.5,33.0,20.0,51.0,0.0,2.9,5.9,18.3,210.54166666666666
28.3,33.0,20.0,43.0,0.0,2.4,7.6,14.8,251.20833333333334
29.5,35.0,18.5,40.0,0.0,3.4,7.6,16.5,194.70833333333334
28.7,34.0,21.4,58.0,0.0,2.9,6.1,14.8,250.875
29.5,33.2,22.4,59.0,0.0,2.7,8.7,16.5,274.875
27.8,34.0,19.1,58.0,0.0,2.4,6.5,18.3,160.0
27.8,34.6,20.2,56.0,0.0,2.1,5.6,14.8,217.91666666666666
28.1,34.0,19.5,49.0,0.0,2.3,8.0,14.8,184.20833333333334
28.6,33.0,19.1,41.0,0.0,3.1,10.4,18.3,185.95833333333334
28.7,34.0,20.0,44.0,0.0,3.5,10.4,22.2,195.375
28.7,34.0,21.6,52.0,0.0,2.7,10.0,16.5,151.04166666666666
24.1,28.0,18.0,73.0,0.0,2.6,9.6,20.6,312.2083333333333
25.7,29.0,18.6,77.0,0.0,1.8,7.6,18.3,237.625
26.2,29.0,21.9,82.0,0.0,1.1,8.5,22.2,179.33333333333334
24.2,27.6,17.3,59.0,0.0,3.5,8.7,18.3,260.1666666666667
24.1,28.0,15.8,63.0,0.0,2.7,7.0,18.3,403.9583333333333
25.4,29.2,17.4,68.0,0.0,2.1,7.4,16.5,455.5833333333333
27.3,32.7,19.8,39.0,0.0,3.1,9.3,18.3,288.4166666666667
26.9,33.0,17.6,37.0,0.0,3.2,8.5,18.3,256.8333333333333
26.9,33.0,15.2,43.0,0.0,3.4,8.1,18.3,175.75
26.2,32.0,16.5,56.0,0.0,2.4,7.4,16.5,186.04166666666666
27.1,33.2,18.6,44.0,0.0,2.9,7.4,20.6,185.58333333333334
26.6,32.0,16.6,43.0,0.0,2.9,7.6,14.8,114.08333333333333
28.073244444444466,32.175733333333326,22.480800000000027,65.71022222222223,0.0,3.1743111111111104,11.082755555555527,22.02951111111109,217.08333333333334
25.1,31.0,15.5,49.0,0.0,2.6,6.5,20.6,229.16666666666666
24.0,28.0,14.1,56.0,0.0,2.3,6.3,18.3,392.2083333333333
24.8,30.0,16.4,66.0,0.0,1.9,6.5,18.3,536.5
23.3,28.0,13.8,45.0,0.0,3.5,8.5,18.3,404.5
23.7,28.0,13.6,58.0,0.0,2.7,7.2,18.3,442.6666666666667
25.4,32.0,16.6,56.0,0.0,2.1,6.3,16.5,220.95833333333334
28.2,34.0,20.0,54.0,0.0,2.4,9.6,16.5,376.9166666666667
28.3,33.0,21.8,58.0,0.0,2.3,7.0,18.3,362.0
29.0,34.0,21.0,57.0,0.0,2.3,6.9,18.3,235.625
27.3,33.0,18.2,42.0,0.0,3.9,10.9,24.1,57.0
27.0,33.2,16.8,46.0,0.0,3.1,6.9,18.3,114.33333333333333
27.3,33.0,17.0,42.0,0.0,3.2,7.8,18.3,148.125
25.2,31.0,15.1,48.0,0.0,3.2,7.4,16.5,214.125
25.8,31.0,15.6,41.0,0.0,3.2,8.7,18.3,202.95833333333334
25.2,30.0,15.6,45.0,0.0,4.2,7.4,20.6,308.875
28.3,35.6,16.4,33.0,0.0,2.9,7.4,18.3,246.04166666666666
27.4,34.0,15.8,41.0,0.0,2.4,6.7,16.5,200.91666666666666
27.4,33.0,17.0,48.0,0.0,2.9,8.9,18.3,187.16666666666666
27.5,32.0,16.9,48.0,0.0,2.6,8.3,20.6,187.79166666666666
26.3,31.0,21.5,64.0,0.0,1.6,8.7,18.3,100.25
25.7,32.0,18.2,67.0,0.0,2.6,8.7,22.2,126.0
26.3,31.0,16.7,44.0,0.0,3.1,9.6,18.3,163.91666666666666
25.3,30.0,15.8,55.0,0.0,3.2,9.3,20.6,143.0
29.0,35.0,16.8,47.0,0.0,3.4,14.1,24.1,194.91666666666666
29.7,34.2,23.4,45.0,0.0,3.4,11.9,18.3,130.66666666666666
28.2,35.0,17.4,45.0,0.0,2.4,7.8,22.2,211.0
27.7,33.0,19.4,56.0,0.0,2.4,9.4,22.2,172.0
28.8,32.2,19.2,44.0,0.0,2.7,9.4,18.3,184.875
30.7,37.0,20.5,38.0,0.0,2.7,9.3,20.6,130.16666666666666
30.6,36.0,20.6,33.0,0.0,3.1,8.7,22.2,68.91666666666667
30.9,38.0,20.6,34.0,0.0,2.7,8.1,20.6,123.125
29.3,33.0,20.2,53.0,0.0,1.8,8.0,18.3,153.625
29.5,34.0,21.4,57.0,0.0,2.3,5.9,18.3,119.41666666666667
29.3,35.0,22.0,63.0,0.0,2.4,8.9,16.5,110.75
28.2,32.0,24.0,63.0,0.0,3.5,11.3,22.2,138.5
27.9,31.0,20.0,57.0,0.0,3.5,10.2,25.9,39.291666666666664
28.9,35.0,19.0,44.0,0.0,4.0,11.7,22.2,44.916666666666664
31.4,36.0,22.2,25.0,0.0,4.0,11.7,22.2,116.625
31.4,37.0,23.5,26.0,0.0,4.3,13.3,24.1,163.0
28.2,30.0,24.8,55.0,0.0,2.9,7.0,14.8,162.08333333333334
28.7,33.0,22.0,60.0,0.0,3.9,10.7,24.1,109.45833333333333
28.2,32.0,21.0,68.0,0.0,3.7,10.4,22.2,103.08333333333333
27.8,32.0,21.6,62.0,0.0,4.0,12.4,25.9,208.83333333333334
33.0,42.0,21.2,38.0,0.0,3.5,8.9,22.2,103.83333333333333
32.7,39.0,22.4,36.0,0.0,3.4,10.6,25.9,111.5
29.1,33.0,24.4,78.0,0.0,3.4,10.7,24.1,98.58333333333333
28.4,32.0,23.6,75.0,0.0,4.2,10.0,22.2,106.16666666666667
28.7,32.0,22.2,70.0,0.0,3.5,9.6,22.2,89.875
29.0,33.0,21.0,64.0,0.0,4.3,9.3,22.2,71.95833333333333
29.1,33.0,22.0,64.0,0.0,4.2,9.1,22.2,76.41666666666667
29.8,33.4,23.5,64.0,0.0,3.9,8.7,25.9,67.79166666666667
29.6,34.0,22.3,65.0,0.0,3.9,10.0,24.1,65.45833333333333
30.1,35.0,20.8,56.0,0.0,4.0,10.9,27.8,77.75
29.4,33.0,23.4,75.0,0.0,3.9,11.5,25.9,123.58333333333333
29.6,33.0,23.5,74.0,0.0,3.7,11.5,25.9,97.875
29.8,33.0,24.6,74.0,0.0,4.2,11.3,25.9,77.33333333333333
31.6,35.0,24.6,59.0,0.0,3.7,10.4,24.1,87.875
30.5,34.0,23.8,66.0,0.0,4.7,10.9,24.1,61.875
30.6,34.0,24.2,70.0,0.0,3.9,9.8,24.1,82.125
30.2,35.0,23.4,64.0,0.0,4.0,10.7,27.8,92.08333333333333
29.4,32.6,23.4,70.0,0.0,4.2,9.6,24.1,105.75
29.5,35.0,23.0,71.0,0.0,3.9,10.7,25.9,119.16666666666667
29.8,33.2,24.1,72.0,0.0,4.7,12.0,25.9,55.416666666666664
29.8,33.0,24.0,72.0,0.0,4.8,12.0,22.2,79.29166666666667
30.1,34.0,24.5,72.0,0.0,4.2,11.5,24.1,81.875
30.9,34.0,26.5,66.0,0.0,4.5,10.2,22.2,120.70833333333333
30.6,33.4,25.0,69.0,0.0,4.5,11.7,24.1,117.375
31.1,34.6,25.0,69.0,0.0,4.3,13.7,24.1,86.83333333333333
30.9,34.0,25.5,72.0,0.0,3.9,11.3,22.2,133.70833333333334
30.8,34.0,25.6,70.0,0.0,4.8,13.1,24.1,87.08333333333333
30.9,33.8,26.4,70.0,0.0,4.3,10.9,24.1,107.91666666666667
31.2,34.2,27.1,71.0,0.0,4.7,12.6,24.1,83.58333333333333
31.2,34.6,25.4,69.0,0.0,4.5,12.2,20.6,86.91666666666667
31.2,34.4,26.5,68.0,0.0,4.5,11.1,22.2,65.16666666666667
31.3,33.0,28.4,68.0,0.0,5.3,14.8,27.8,103.16666666666667
31.7,34.0,28.4,72.0,0.0,4.5,14.4,27.8,119.70833333333333
31.7,34.0,28.6,74.0,0.0,4.0,14.6,25.9,124.25
31.7,34.8,28.4,70.0,0.0,4.5,15.4,24.1,71.95833333333333
31.9,35.2,28.3,70.0,0.25,4.2,12.4,27.8,17.5
30.4,34.6,25.0,75.0,0.0,3.9,12.2,22.2,87.08333333333333
30.9,34.2,23.0,72.0,25.91,4.2,11.5,22.2,84.04166666666667
28.1,30.0,25.2,87.0,19.05,2.6,9.3,27.8,84.33333333333333
30.6,33.8,25.6,79.0,40.89,3.1,15.9,25.9,84.20833333333333
27.6,30.0,24.5,92.0,37.08,2.1,13.5,25.9,83.375
31.2,33.8,28.2,74.0,0.0,4.0,19.8,29.4,80.54166666666667
30.7,33.6,28.0,74.0,0.25,3.4,14.3,22.2,58.083333333333336
30.1,33.8,27.0,73.0,7.11,3.9,15.6,27.8,49.958333333333336
29.6,32.6,24.5,80.0,2.03,3.9,11.5,22.2,78.54166666666667
30.7,32.6,26.0,77.0,0.51,3.2,13.1,22.2,73.0
30.7,33.0,27.6,77.0,0.25,3.5,14.3,20.6,58.625
27.9,29.4,22.8,88.0,230.89,2.1,18.0,29.4,72.41666666666667
29.4,31.0,25.4,81.0,53.09,2.7,21.7,38.9,71.29166666666667
29.7,32.3,26.2,80.0,2.03,2.9,16.7,27.8,74.375
28.9,32.6,23.7,79.0,2.03,4.2,15.2,24.1,146.20833333333334
27.3,30.0,25.0,87.0,0.51,3.1,15.0,22.2,65.375
26.6,28.0,22.3,93.0,131.06,2.1,10.9,20.6,111.04166666666667
27.6,29.0,25.0,89.0,6.1,2.4,13.1,24.1,71.0
25.6,27.0,22.6,94.0,131.06,1.8,10.6,22.2,57.041666666666664
25.6,28.0,22.2,95.0,121.92,1.9,10.4,22.2,67.41666666666667
28.2,30.4,27.0,86.0,3.05,2.3,19.8,25.9,81.125
28.1,29.2,26.0,88.0,16.0,2.1,23.3,35.2,197.66666666666666
27.3,29.0,25.6,92.0,38.1,1.6,25.7,37.0,160.75
28.4,31.2,26.1,83.0,2.03,2.9,20.4,31.7,99.375
27.7,30.0,25.3,86.0,5.08,2.1,20.2,31.7,123.875
27.9,30.0,25.0,85.0,18.03,2.3,20.7,29.4,131.41666666666666
28.5,31.0,26.6,81.0,1.02,3.1,18.1,27.8,38.166666666666664
28.1,29.6,26.8,83.0,1.02,2.9,18.3,27.8,42.541666666666664
27.8,29.6,26.0,84.0,1.02,2.9,19.8,25.9,35.791666666666664
28.6,31.4,27.2,80.0,0.0,2.9,20.4,29.4,45.833333333333336
28.4,31.4,27.0,82.0,0.0,2.6,20.2,31.7,33.708333333333336
28.4,31.0,27.0,81.0,2.03,3.1,18.1,25.9,31.875
28.2,30.6,26.5,83.0,3.05,2.9,18.3,25.9,69.79166666666667
28.3,30.0,26.6,81.0,2.03,3.2,18.9,31.7,29.958333333333332
28.4,30.0,26.8,81.0,0.76,3.1,18.9,27.8,47.458333333333336
27.7,29.0,26.5,84.0,2.03,3.1,19.3,29.4,48.916666666666664
27.4,29.0,23.2,86.0,10.92,2.9,20.2,29.4,25.083333333333332
28.2,30.0,24.6,83.0,6.1,3.1,21.7,31.7,32.958333333333336
27.6,29.0,22.2,85.0,0.51,2.6,20.0,25.9,31.5
27.6,30.0,25.0,85.0,7.87,3.1,20.2,31.7,47.583333333333336
27.2,29.0,24.2,85.0,16.0,2.7,19.3,29.4,48.291666666666664
26.7,28.0,24.6,89.0,5.08,2.6,16.7,25.9,51.375
27.5,29.0,24.4,82.0,5.08,2.7,19.8,25.9,38.416666666666664
27.0,29.4,23.5,85.0,11.94,2.6,15.7,25.9,29.166666666666668
27.2,30.4,25.0,84.0,8.89,2.6,12.4,24.1,37.375
28.1,30.4,25.0,79.0,7.11,4.5,17.6,29.4,22.833333333333332
28.1,30.6,25.6,81.0,2.03,3.4,17.0,25.9,24.291666666666668
27.6,30.0,25.0,80.0,16.0,3.1,20.9,27.8,25.291666666666668
27.9,30.0,24.6,79.0,3.05,3.1,20.2,27.8,23.416666666666668
27.9,30.2,23.6,72.0,0.0,3.7,15.4,24.1,50.583333333333336
28.3,31.0,23.9,72.0,1.02,4.3,14.8,27.8,44.416666666666664
27.7,31.0,23.8,75.0,0.51,3.7,12.8,22.2,66.45833333333333
27.6,31.2,23.5,77.0,0.0,3.9,11.3,18.3,38.25
27.4,30.0,23.9,82.0,8.89,4.0,7.4,18.3,57.208333333333336
28.6,32.1,25.0,77.0,0.51,4.3,11.7,25.9,50.333333333333336
27.6,29.0,23.4,77.0,8.89,3.7,7.8,14.8,54.625
28.2,31.1,25.4,78.0,0.0,2.7,9.8,22.2,42.875
29.0,31.8,25.6,80.0,2.03,3.4,12.4,22.2,41.208333333333336
28.9,31.8,24.4,74.0,0.0,4.0,11.3,25.9,43.333333333333336
29.7,32.0,24.4,74.0,0.0,3.9,9.8,22.2,41.875
29.6,33.0,25.5,76.0,0.0,2.7,8.9,25.9,44.416666666666664
31.7,37.0,24.2,58.0,0.0,3.4,9.4,16.5,110.96035555555568
30.8,35.0,25.2,64.0,0.0,2.7,9.1,20.6,110.96035555555568
30.9,34.0,25.0,66.0,0.0,2.4,9.3,20.6,110.96035555555568
32.0,37.8,25.3,60.0,0.0,3.4,11.1,22.2,51.791666666666664
31.1,36.0,26.8,71.0,0.0,2.4,9.1,18.3,66.75
30.9,33.2,27.2,74.0,0.0,2.6,9.8,20.6,39.958333333333336
31.9,38.0,26.2,60.0,0.0,2.3,9.3,22.2,13.0
31.9,36.0,24.0,52.0,0.0,3.1,7.8,20.6,7.875
31.9,38.0,23.5,49.0,0.0,3.4,7.4,22.2,33.541666666666664
29.4,34.0,22.6,69.0,4.06,3.2,9.3,18.3,151.79166666666666
30.7,35.0,24.5,69.0,0.0,2.7,8.9,20.6,181.54166666666666
30.4,34.0,25.2,76.0,0.0,2.3,8.0,18.3,219.95833333333334
30.4,36.0,22.0,53.0,0.0,3.4,10.4,18.3,126.0
31.5,37.0,25.4,45.0,0.0,3.2,8.3,18.3,172.66666666666666
30.6,37.0,22.8,48.0,0.0,3.1,9.4,22.2,207.04166666666666
29.6,35.6,20.8,44.0,0.0,3.5,10.2,20.6,239.41666666666666
30.3,36.0,21.8,52.0,0.0,3.5,10.2,20.6,196.54166666666666
30.9,36.6,22.6,46.0,0.0,3.9,9.6,18.3,206.75
31.1,36.4,24.2,58.0,0.0,4.5,11.3,22.2,235.58333333333334
30.4,36.0,22.0,39.0,0.0,3.1,9.1,20.6,282.1666666666667
30.0,36.0,20.3,49.0,0.0,2.7,7.4,16.5,226.45833333333334
30.4,36.0,23.2,53.0,0.0,3.1,8.0,18.3,222.125
28.5,32.8,20.0,57.0,0.0,2.7,6.3,16.5,135.16666666666666
27.9,32.0,20.4,69.0,0.0,2.9,7.4,22.2,133.125
29.2,35.0,21.4,52.0,0.0,3.1,8.9,18.3,175.04166666666666
28.073244444444466,32.175733333333326,22.480800000000027,65.71022222222223,0.0,3.1743111111111104,11.082755555555527,22.02951111111109,211.45833333333334
28.073244444444466,32.175733333333326,22.480800000000027,65.71022222222223,0.0,3.1743111111111104,11.082755555555527,22.02951111111109,215.5
28.073244444444466,32.175733333333326,22.480800000000027,65.71022222222223,0.0,3.1743111111111104,11.082755555555527,22.02951111111109,223.375
28.073244444444466,32.175733333333326,22.480800000000027,65.71022222222223,0.0,3.1743111111111104,11.082755555555527,22.02951111111109,187.54166666666666
28.073244444444466,32.175733333333326,22.480800000000027,65.71022222222223,0.0,3.1743111111111104,11.082755555555527,22.02951111111109,198.45833333333334
29.6,35.0,20.4,46.0,0.0,2.7,8.3,20.6,152.04166666666666
29.2,34.0,21.0,49.0,0.0,2.4,7.2,16.5,141.41666666666666
29.1,35.2,21.0,51.0,0.0,2.3,8.1,16.5,248.625
28.4,34.4,20.0,42.0,0.0,2.9,9.6,16.5,91.75
28.2,33.8,19.4,40.0,0.0,2.7,8.3,18.3,99.91666666666667
27.5,33.4,19.0,47.0,0.0,2.6,6.3,14.8,113.375
27.8,33.4,20.0,51.0,0.0,2.4,7.0,16.5,166.70833333333334
28.1,32.0,19.8,47.0,0.0,3.5,7.8,16.5,200.33333333333334
27.8,33.0,18.4,47.0,0.0,2.7,7.0,16.5,161.79166666666666
26.2,30.4,17.0,49.0,0.0,2.7,8.3,18.3,169.04166666666666
26.3,32.0,17.9,41.0,0.0,3.2,13.0,25.9,57.083333333333336
27.4,32.2,20.8,35.0,0.0,2.9,17.0,25.9,152.83333333333334
27.7,32.2,22.6,37.0,0.0,2.9,15.7,24.1,177.70833333333334
24.8,30.0,17.4,43.0,0.0,3.5,12.0,20.6,310.25
24.9,31.4,15.0,45.0,0.0,3.4,10.0,18.3,375.7916666666667
25.9,31.4,16.0,50.0,0.0,3.4,8.3,16.5,297.7916666666667
26.6,32.0,19.4,52.0,0.0,2.9,7.8,16.5,248.95833333333334
24.1,29.0,17.4,36.0,0.0,3.1,9.8,20.6,441.4166666666667
24.4,31.0,12.4,29.0,0.0,3.5,12.0,22.2,237.79166666666666
